McCoppin (Frank) Elementary,San Francisco,94118,https://www.sfusd.edu/school/frank-mccoppin-elementary-school
Templeton High,Templeton,93465,https://templetonhs.schoolloop.com/
Highland Elementary,Vallejo,94590,https://hes-vcusd-ca.schoolloop.com/
Williams Junior/Senior High,Williams,95987,https://whs.williamsusd.net/
University Park Elementary,Irvine,92612,https://universitypark.iusd.org/
Grapevine Elementary,Vista,92083,https://vistausdgv.ss19.sharpschool.com/
Riverway Elementary,Visalia,93291,https://www.vusd.org/riverway
Alice M. Worsley,Fresno,93725,https://www.cde.ca.gov/schooldirectory/details?cdscode=10101081030337
Bayside Martin Luther King Jr. Academy,Sausalito,94965,https://www.smcsd.org/
Valley Oaks,Sacramento,95821,https://www.cityofsacramento.org/ParksandRec/Parks/Park-Directory/North-Natomas/ValleyOakPark
Santa Clara Elementary,Santa Paula,93060,https://www.santaclaraesd.org/
Buena Vista Elementary,Walnut Creek,94597,https://www.walnutcreeksd.org/Subsite001
Wells (Ida B.) High,San Francisco,94117,https://www.sfusd.edu/school/ida-b-wells-high-school
Tropico Middle,Rosamond,93560,https://www.skusd.k12.ca.us/domain/46
Westside Elementary,Five Points,93624,https://www.westside-elem.k12.ca.us/
Avery Middle,Avery,95224,https://www.vallecitok12.com/apps/pages/index.jsp?uREC_ID=1531442&type=d
Monroe Elementary,San Leandro,94578,https://www.slusd.us/monroe/
James Monroe Elementary,Santa Rosa,95403,https://www.srcschools.org/Page/2234
Val Verde High,Perris,92571,https://valverdehigh.valverde.edu/
Olympic High (Continuation),Santa Monica,90405,https://www.smmusd.org/olympic
San Luis Obispo High,San Luis Obispo,93401,https://slohs.slcusd.org/
Orangevale Open K-8,Fair Oaks,95628,https://www.sanjuan.edu/orangevale
INFANT Pre,Danville,93526,http://schools.latimes.com/school/danville-1/infant-pre/
Mission Valley Elementary,Tulare,93274,https://missionvalley.tcsdk8.org/
Rancho Romero Elementary,Alamo,94507,https://rres-srvusd-ca.schoolloop.com/
Standard Middle,Bakersfield,93308,http://www.standard.k12.ca.us/
Eric White Elementary,Selma,93662,https://www.selmausd.org/ericwhite
Monterey County Home Charter,Salinas,93901,https://www.montereycoe.org/programs-services/charters/home-charter-school/
Gold Ridge Educational Center,Sonora,95370,https://www.cde.ca.gov/SchoolDirectory/details?cdscode=55105530134569
Charter Alternative Program (CAP),El Dorado,95623,https://www.cde.ca.gov/SchoolDirectory/details?cdscode=09100900123521
Tioga High,Groveland,95321,https://www.bofg.org/schools/tioga-2/
Monterey County Special Education,Salinas,93912,https://www.cde.ca.gov/SchoolDirectory/details?cdscode=27102726069512
Theodore Roosevelt Elementary,Selma,93662,https://www.greatschools.org/california/selma/955-Theodore-Roosevelt-Elementary-School/
Barry Elementary,Yuba City,95991,https://barry.ycusd.org/
Santa Maria High,Santa Maria,93454,http://www.santamariahighschool.org/
Glenshire Elementary,Truckee,96161,https://www.ttusd.org/glenshire
Cordillera Elementary,Mission Viejo,92691,https://www.svusd.org/schools/elementary-a-l/cordillera
Portola Hills Elementary,Trabuco Canyon,92679,https://www.svusd.org/schools/elementary-m-z/portola-hills
Valentine Peyton Elementary,Stockton,95212,https://www.stocktonusd.net/peyton
Delta High,Santa Maria,93455,http://www.deltahs.org/
Options Secondary,Chula Vista,91911,http://oss.sweetwaterschools.org/
Palmiter Special Education,Sacramento,95825,https://www.cde.ca.gov/SchoolDirectory/details?cdscode=34103480106229
Central Elementary,San Diego,92105,https://central.sandiegounified.org/
Hoover High,San Diego,92115,https://hoover.sandiegounified.org/
REACH Academy,Santa Ana,92703,https://www.sausd.us/reachacademy
Saratoga Special Services Preschool,Saratoga,95070,https://www.cde.ca.gov/SchoolDirectory/details?cdscode=43696820138271
Orangewood Elementary,West Covina,91790,https://orangewood.wcusd.org/
Stanwood A. Murphy Elementary,Scotia,95565,https://www.cde.ca.gov/SchoolDirectory/details?cdscode=12630246008155
Hilliard Comstock Middle,Santa Rosa,95403,https://www.comstockmiddleschool.com/
Sequoia Elementary Charter,Lemon Cove,93244,https://www.cde.ca.gov/SchoolDirectory/details?cdscode=54721166054340
Valencia Park Elementary,San Diego,92114,https://valenciapark.sandiegounified.org/
Del Amigo High (Continuation),Danville,94526,https://dahs-srvusd-ca.schoolloop.com/
San Luis Obispo County Community,San Luis Obispo,93405,https://www.cde.ca.gov/schooldirectory/details?cdscode=40104054030250
Weber Institute,Stockton,95203,https://www.stocktonusd.net/weber
John Finney High (Continuation),Vallejo,94590,https://jfhs-vcusd-ca.schoolloop.com/
Mountain Oaks,San Andreas,95249,https://www.mountainoaks.org/
San Lorenzo Valley Middle,Felton,95018,https://ms.slvusd.org/
Quail Run Elementary,San Ramon,94582,https://qres-srvusd-ca.schoolloop.com/
Saddleback High,Santa Ana,92707,https://www.sausd.us/saddleback
Sunnyside Elementary,Strathmore,93267,http://www.sunnysideunion.com/
Imogene Garner Hook Junior High,Victorville,92394,https://hjhs.vvuhsd.org/
Loyalton Elementary,Loyalton,96118,https://sierracountyofficeofeducation.org/SPJUSD/sample-page/departments/contact-spjusd-scoe/1301/loyalton-elementary-school/
La Serna High,Whittier,90605,https://lshs.wuhsd.org/
Shelyn Elementary,Rowland Heights,91748,https://www.shelynschool.org/
Cameron Ranch Elementary,Carmichael,95608,https://www.sanjuan.edu/cameronranch
Opal Cliffs,Capitola,95010,https://www.propertyinsantacruz.com/capitola/opal-cliffs-homes-capitola/
Santiago Elementary,Santa Ana,92706,https://www.sausd.us/Domain/2335
Wood Ranch Elementary,Simi Valley,93065,https://wres-simi-ca.schoolloop.com/
Green Valley Elementary,Danville,94526,https://gves-srvusd-ca.schoolloop.com/
E. Neal Roberts Elementary,San Bernardino,92410,https://roberts.sbcusd.com/
Christian Sorensen Elementary,Whittier,90606,https://sorensen.whittiercity.net/
Wallenberg (Raoul) Traditional High,San Francisco,94115,https://www.sfusd.edu/school/raoul-wallenberg-traditional-high-school
Bret Harte Elementary,Sacramento,95818,https://www.scusd.edu/school/bret-harte
Sheridan Elementary,San Francisco,94112,https://www.sfusd.edu/school/sheridan-elementary-school
Hawthorne Elementary,San Diego,92117,https://hawthorne.sandiegounified.org/
San Marcos Middle,San Marcos,92069,https://sanmarcosmiddle.smusd.org/
Casita Center for Science/Math/Technology,Vista,92083,http://www.cas.vistausd.org/
Westmore Oaks Elementary,West Sacramento,95691,https://westmore.wusd.k12.ca.us/
Tehama County Special Education,Red Bluff,96080,http://www.tehamaschools.org/
Gibson Elementary,Woodland,95695,https://gibson.wjusd.org/
Bohannon Middle,San Lorenzo,94580,https://bms.slzusd.org/
Discovery School of the Arts,Victorville,92392,http://discovery.vesd.net/
Rachel Carson Elementary,San Jose,95136,https://carson.sjusd.org/
Hidden Hills Elementary,San Ramon,94582,https://hhes.schoolloop.com/
Travis Elementary,Travis AFB,94535,https://www.travisusd.org/TravisElementary
Carver Elementary,San Marino,91108,https://www.carverschool.us/
Indian Springs High,San Bernardino,92410,https://indiansprings.sbcusd.com/
University Preparatory,Victorville,92392,https://up.vvuhsd.org/
Laurel Elementary,San Mateo,94403,https://laurel.smfcsd.net/
Independence Charter,Modesto,95356,https://www.greatschools.org/california/modesto/25138-Independence-Charter-School/
Wilson Elementary,San Leandro,94577,https://www.slusd.us/wilson/
River City High,West Sacramento,95691,https://rivercity.wusd.k12.ca.us/
Fremont Elementary,Santa Ana,92703,https://www.sausd.us/fremont
West Side Elementary,Healdsburg,95448,https://www.westsideusd.org/
Cleveland Elementary,San Francisco,94112,https://www.sfusd.edu/school/cleveland-elementary-school
Mariemont Elementary,Sacramento,95864,https://www.sanjuan.edu/mariemont
San Joaquin County Community,Stockton,95206,https://www.sjchsa.org/Services/Community-Centers
Presidio Early Ed.,San Francisco,94129,https://www.sfusd.edu/school/presidio-early-education-school
Parkway Heights Middle,South San Francisco,94080,https://phms.schoolloop.com/
Elsie Allen High,Santa Rosa,95407,https://eahs-santarosa-ca.schoolloop.com/
Williams Primary Elementary,Williams,95987,https://www.cde.ca.gov/SchoolDirectory/details?cdscode=06616226003552
Jonas Salk Elementary,San Diego,92126,https://jonassalk.sandiegounified.org/
Alamo Elementary,San Francisco,94121,https://www.sfusd.edu/school/alamo-elementary-school
Grizzly ChalleNGe Charter,San Luis Obispo,93405,https://www.cde.ca.gov/SchoolDirectory/details?cdscode=40104050101725
Frontier High (Continuation),Whittier,90605,https://fhs.wuhsd.org/
Road to Success Academy at Campus Kilpatrick,Malibu,90265,https://www.cde.ca.gov/SchoolDirectory/details?cdscode=19101990121954
Yolo High,West Sacramento,95691,https://yolo.wusd.k12.ca.us/
Suzanne Middle,Walnut,91789,https://suzanne.wvusd.k12.ca.us/
Mt. Shasta High,Mount Shasta,96067,https://www.mountshastahighschool.com/
Hickman Elementary,San Diego,92126,https://hickman.sandiegounified.org/
Cherry Chase Elementary,Sunnyvale,94087,https://www.sesd.org/cherrychase
Golden West Middle,Fairfield,94533,https://www.travisusd.org/goldenwest
Victoriano Elementary,Moreno Valley,92551,https://victoriano.valverde.edu/
Adrian Wilcox High,Santa Clara,95051,https://wilcox.schoolloop.com/
George Washington Elementary,Selma,93662,https://www.selmausd.org/washington
Bonita Canyon Elementary,Irvine,92603,https://bonitacanyon.iusd.org/
Home & Hosp/Transition Support,San Diego,92103,https://www.cde.ca.gov/schooldirectory/details?cdscode=37683380126938
Culverdale Elementary,Irvine,92614,https://culverdale.iusd.org/
Central County Special Education Programs,Alamo,94507,https://www.cde.ca.gov/SchoolDirectory/details?cdscode=07100740107334
Adelante High (Continuation),Roseville,95678,https://www.rjuhsd.us/Domain/117
Noli School,San Jacinto,92583,https://www.greatschools.org/california/san-jacinto/16369-Noli-Indian-School/
San Antonio Elementary,Lockwood,93932,https://www.sanantoniousd.org/
North Shoreview Montessori,San Mateo,94401,https://north-shoreview.smfcsd.net/
Woodside K-8,Citrus Heights,95610,https://www.sanjuan.edu/woodside
Gray Avenue Middle,Yuba City,95991,https://gray.ycusd.org/
Northridge Elementary,Fair Oaks,95628,https://www.sanjuan.edu/northridge
Canyon High,Canyon Country,91351,https://www.canyonhighcowboys.org/
Karl F. Clemens Elementary,Wasco,93280,https://kces-wuesd-ca.schoolloop.com/
Sinsheimer Elementary,San Luis Obispo,93401,https://si.slcusd.org/
Murwood Elementary,Walnut Creek,94596,https://www.walnutcreeksd.org/Page/13
Lake Elementary,Oceanside,92056,http://www.lk.vistausd.org/
Millikin Elementary,Santa Clara,95051,https://mbe-scusd-ca.schoolloop.com/
Benchley/Weinberger Elementary,San Diego,92119,https://benchleyweinberger.sandiegounified.org/
Lick (James) Middle,San Francisco,94114,https://www.sfusd.edu/school/james-lick-middle-school
Tranquillity High,Tranquillity,93668,http://ths.gpusd.net/
Bowman (Jereann) High (Continuation),Santa Clarita,91350,https://www.bowmanhighschool.org/
University Park Elementary,Salinas,93901,https://www.salinascityesd.org/university-park
Round Valley Continuation,Covelo,95428,https://www.cde.ca.gov/SchoolDirectory/details?cdscode=23656072330033
Quail Summit Elementary,Diamond Bar,91765,https://www.quailsummitschool.org/
San Diego SCPA,San Diego,92139,https://scpa.sandiegounified.org/
Bear River,Wheatland,95692,https://bear.wheatlandsd.com/
John Marshall Elementary,Stockton,95206,https://www.stocktonusd.net/marshall
Greer Elementary,Sacramento,95825,https://www.sanjuan.edu/greer
Westfield Village Elementary,West Sacramento,95691,https://westfield.wusd.k12.ca.us/
Twin Ridges Home Study Charter,Nevada City,95959,https://www.twinridgeshomestudy.org/
Edward J. Richardson Middle,Torrance,90505,https://www.tusd.org/schools/richardson
Trinity County Special Education,Weaverville,96093,https://www.cde.ca.gov/schooldirectory/details?cdscode=53105386069421
Castle Park Senior High,Chula Vista,91911,http://cph.sweetwaterschools.org/
San Jose High,San Jose,95116,https://sjhs.sjusd.org/
Rio Norte Junior High,Santa Clarita,91354,https://www.rionortejuniorhigh.org/
Sierra Vista K-8,Vacaville,95687,https://sierravista.schoolloop.com/
Fryberger Elementary,Westminster,92683,https://fryberger.wsdk8.us/
Prestwood Elementary,Sonoma,95476,https://www.sonomaschools.org/prestwood
Brook Haven Middle,Sebastopol,95472,https://brookhaven.sebastopolschools.org/
Alexander Hamilton Elementary,Stockton,95206,https://www.stocktonusd.net/Hamilton
Calpella Elementary,Ukiah,95482,https://calpella.uusd.net/
Semitropic Elementary,Wasco,93280,https://sesd-sesd-ca.schoolloop.com/
Howard Pence Elementary,San Diego,92154,https://www.sbusd.org/pence
Park View Elementary,Victorville,92395,http://parkview.vesd.net/
Laytonville High,Laytonville,95454,http://www.lusd.us/laytonville-high-school
Rincon Valley Middle,Santa Rosa,95409,https://rvms-santarosa-ca.schoolloop.com/
Edendale Middle,San Lorenzo,94580,https://ems.slzusd.org/
Perkins K-8,San Diego,92113,https://perkins.sandiegounified.org/
Lake Forest Elementary,Lake Forest,92630,https://www.svusd.org/schools/elementary-a-l/lake-forest
Booksin Elementary,San Jose,95125,https://booksin.sjusd.org/
San Elijo Middle,San Marcos,92078,https://sanelijomiddle.smusd.org/
Del Dayo Elementary,Carmichael,95608,https://www.sanjuan.edu/deldayo
Laytonville Continuation High,Laytonville,95454,https://www.lusd.us/laytonville-high-school
Santa Cruz County Court,Santa Cruz,95060,https://www.santacruzcourt.org/
Country Club Elementary,San Ramon,94583,https://www.cces.srvusd.k12.ca.us/
San Mateo High,San Mateo,94401,https://www.smuhsd.org/sanmateohigh
Butte County Community,Chico,95928,https://www.cde.ca.gov/SchoolDirectory/details?cdscode=04100410129817
Jack Franscioni Elementary,Soledad,93960,https://soledadusd.org/schools/jack-franscioni-calendar/
Spanos (Alex G.) Elementary,Stockton,95203,https://www.stocktonusd.net/Spanos
El Dorado Elementary,San Francisco,94134,https://www.sfusd.edu/school/el-dorado-elementary-school
Trajan Elementary,Orangevale,95662,https://www.sanjuan.edu/trajan
Monte Vista Elementary,Vista,92084,http://www.mv.vistausd.org/
Parkside Intermediate,San Bruno,94066,https://www.sbpsd.org/parkside
Yucaipa Early Childhood Education Center,Yucaipa,92399,https://ecec.yucaipaschools.com/
Encinita Elementary,Rosemead,91770,https://www.rosemead.k12.ca.us/encinita
Leonard G. Westhoff Elementary,Walnut,91789,https://westhoff.wvusd.k12.ca.us/
Walnut Creek Intermediate,Walnut Creek,94597,https://www.walnutcreeksd.org/Subsite007
Portola High,Irvine,92618,https://portolahigh.iusd.org/
Maxine Hong Kingston Elementary,Stockton,95207,https://www.stocktonusd.net/HongKingston
Elkhorn Village Elementary,West Sacramento,95605,https://elkhorn.wusd.k12.ca.us/
Sunset Elementary,Oak View,93022,https://www.venturausd.org/sunset/home.aspx
Lincoln Street,Red Bluff,96080,https://www.realtor.com/realestateandhomes-detail/553-Lincoln-St_Red-Bluff_CA_96080_M23406-43327
Rodriguez Elementary,San Diego,92113,https://rodriguez.sandiegounified.org/
Solana Highlands Elementary,San Diego,92130,https://www.sbsd.k12.ca.us/Domain/10
Rancho Santa Margarita Intermediate,Rancho Santa Margarita,92688,https://www.svusd.org/schools/intermediate/rsm
Audubon K-8,San Diego,92114,https://audubon.sandiegounified.org/
Yuba River Charter,Grass Valley,95945,https://yubariverschool.org/
Long Barn High,Long Barn,95335,https://www.summbears.net/schools/long-barn/
Harry P B Carden,Marysville,95901,https://www.cde.ca.gov/SchoolDirectory/details?cdscode=58105876070940
Linda Vista Elementary,San Diego,92111,https://lindavista.sandiegounified.org/
Weaver Middle,Merced,95341,https://weaverusd.org/WMS
Lone Star Elementary,Fresno,93725,https://lonestar.sanger.k12.ca.us/
Silver Gate Elementary,San Diego,92107,https://silvergate.sandiegounified.org/
Casimir Middle,Torrance,90504,https://www.tusd.org/schools/casimir
Irvine High,Irvine,92604,https://irvinehigh.iusd.org/
La Mirada Elementary,San Ysidro,92173,https://www.sysdschools.org/lamirada
Abraham Lincoln Elementary,Santa Ana,92704,https://www.sausd.us/lincoln
Castle Rock,Crescent City,95531,https://castlerockschool.org/
Quail Lake Environmental Charter,Clovis,93611,https://quaillake.sanger.k12.ca.us/
South Valley High (Continuation),Ukiah,95482,https://southvalley.uusd.net/
Castle Rock Elementary,Diamond Bar,91765,https://www.castlerockknights.org/
Saint Helena High,St. Helena,94574,https://www.sthelenaunified.org/Domain/140
Breeze Hill Elementary,Vista,92083,http://www.bh.vistausd.org/
Springville Elementary,Springville,93265,http://www.springvilleschool.org/home/
Gerber Jr./Sr. High,Sacramento,95828,https://www.cde.ca.gov/schooldirectory/details?cdscode=34103480118745
Madera Elementary,Simi Valley,93065,https://mes-simi-ca.schoolloop.com/
George Washington Elementary,Stockton,95203,https://www.stocktonusd.net/washington
McCloud High,McCloud,95057,https://www.cde.ca.gov/SchoolDirectory/details?cdscode=47704664734901
Clay Elementary,San Diego,92115,https://clay.sandiegounified.org/
Wilson Elementary,San Bernardino,92404,https://wilson.sbcusd.com/
Weed Elementary,Weed,96094,https://wes-weed-ca.schoolloop.com/
Alameda County Community,Hayward,94544,https://www.niche.com/k12/alameda-county-community-hayward-ca/
Downtown High,San Francisco,94107,https://www.sfusd.edu/school/downtown-high-school
Aptos Middle,San Francisco,94127,https://www.sfusd.edu/school/aptos-middle-school
Skyline Elementary,Daly City,94015,https://skyline-ssfusd-ca.schoolloop.com/
Riverside County Community,Riverside,92501,https://riversidecommunityhospital.com/
Irwin Academy of Performing Arts,Victorville,92395,http://irwin.vesd.net/
Franklin Elementary,San Diego,92116,https://www.greatschools.org/california/san-diego/6144-Franklin-Elementary-School/
Chinese Immersion School at DeAvila,San Francisco,94117,https://www.sfusd.edu/school/chinese-immersion-school-cis-de-avila
Del Rey Elementary,Del Rey,93616,https://delrey.sanger.k12.ca.us/
Park Side Elementary,Sebastopol,95472,https://parkside.sebastopolschools.org/
Blandford Elementary,Rowland Heights,91748,https://www.blandfordschool.org/
Twelve Bridges Elementary,Lincoln,95648,http://tbes.wpusd.org/
Robinson Elementary,Trabuco Canyon,92679,https://www.svusd.org/schools/elementary-m-z/robinson
Horton Elementary,San Diego,92102,https://horton.sandiegounified.org/
Heritage Elementary,Tulare,93274,https://heritage.tcsdk8.org/
Sierra Vista Middle,Irvine,92620,https://sierravista.iusd.org/
Primary Years Academy,Stockton,95204,https://www.stocktonusd.net/pya
Arroyo,San Carlos,94070,https://arroyo.scsdk8.org/
Will C. Wood High,Vacaville,95687,https://wcw.schoolloop.com/
Rancho Vista Elementary,Palmdale,93551,https://www.westside.k12.ca.us/rv
Casterlin Elementary,Blocksburg,95514,https://sohumusd.com/casterlin/
Beaumont Elementary,Vista,92084,https://be.vistausd.org/
Surprise Valley High,Cedarville,96104,https://www.svjusd.org/
Abraham Lincoln Middle,Selma,93662,https://www.selmausd.org/Domain/9
La Paz Intermediate,Mission Viejo,92691,https://www.svusd.org/schools/intermediate/la-paz
John Muir Elementary,Santa Monica,90405,https://www.smmusd.org/muir
New Technology High,Sacramento,95822,https://www.scusd.edu/school/sacramento-new-technology
Renaissance County Community,Hawthorne,90250,https://www.cde.ca.gov/SchoolDirectory/details?cdscode=19101991996214
Freeman Elementary,Woodland,95695,https://freeman.wjusd.org/
Santa Rosa Accelerated Charter,Santa Rosa,95409,https://sracs-santarosa-ca.schoolloop.com/
Stonegate Elementary,West Sacramento,95691,https://stonegate.wusd.k12.ca.us/
Milk (Harvey) Civil Rights Elementary,San Francisco,94114,https://www.sfusd.edu/school/harvey-milk-civil-rights-academic-elementary-school
Roosevelt Elementary,Salinas,93901,https://www.salinascityesd.org/roosevelt
Roseville High,Roseville,95678,https://www.rjuhsd.us/Page/412
Birney Elementary,San Diego,92103,https://birney.sandiegounified.org/
San Miguel Elementary,Sunnyvale,94085,https://www.sesd.org/sanmiguel
New Traditions Elementary,San Francisco,94117,https://www.newtraditionssf.com/
Iron Horse Middle,San Ramon,94583,https://ih.schoolloop.com/
James A. Forrest Elementary,Wasco,93280,https://forrest-wuesd-ca.schoolloop.com/
Longfellow Elementary,San Francisco,94112,https://www.sfusd.edu/school/longfellow-elementary-school
Josephine Chrysler Elementary,Modesto,95350,https://www.stanunion.k12.ca.us/JCE
Gold River Discovery Center K-8,Gold River,95670,https://www.sanjuan.edu/goldriver
Mitchell Child Development,Santa Ana,92704,https://www.sausd.us/mitchell
Carmack,San Bernardino,92407,https://www.greatschools.org/california/san-bernardino/12286-Carmack-School/
Mary Deterding Elementary,Carmichael,95608,https://www.sanjuan.edu/deterding
Mid Valley High (Continuation),Williams,95987,https://www.cde.ca.gov/schooldirectory/details?cdscode=06616220630038
Cajon Park Elementary,Santee,92071,https://cp.santeesd.net/
Hogan Middle,Vallejo,94591,https://hms-vcusd-ca.schoolloop.com/
Sonoma County Special Education,Santa Rosa,95403,http://www.anovaeducation.org/
Jeffrey Trail Middle,Irvine,92620,https://jeffreytrail.iusd.org/
Hillside Elementary,San Bernardino,92407,https://hillside.sbcusd.com/
Anzar High,San Juan Bautista,95045,https://www.asjusd.k12.ca.us/o/anzar-high-school
Santa Monica High,Santa Monica,90405,https://www.smmusd.org/samohi
Williams Upper Elementary,Williams,95987,https://wue.williamsusd.net/
Selma Olinder Elementary,San Jose,95116,https://olinder.sjusd.org/
California High,San Ramon,94583,https://calhigh.schoolloop.com/
Windemere Ranch Middle,San Ramon,94582,https://wrms.schoolloop.com/
Pulliam Elementary,Stockton,95207,https://www.stocktonusd.net/Pulliam
Jacobsen Middle,Tehachapi,93561,https://www.teh.k12.ca.us/Domain/10
Whittier Independent Study,Whittier,90606,https://www.cde.ca.gov/SchoolDirectory/details?cdscode=19651100126953
Golden Empire Elementary,Sacramento,95826,http://goldenempire.scusd.edu/
Santa Fe High,Santa Fe Springs,90670,https://sfhs.wuhsd.org/
Rosemont High,Sacramento,95827,https://rosemont.scusd.edu/
Park View Middle,Yucaipa,92399,https://pvms.yucaipaschools.com/
Kearny Eng Innov & Design,San Diego,92111,https://www.cde.ca.gov/SchoolDirectory/details?cdscode=37683380107102
George Cirby Elementary,Roseville,95678,https://cirby.rcsdk8.org/
Dario Cassina High,Sonora,95370,http://sonorahs.k12.ca.us/chs/dario-cassina/
Eastwood Elementary,Westminster,92683,https://eastwood.wsdk8.us/
Sunnybrae Elementary,San Mateo,94402,https://sunnybrae.smfcsd.net/
Visalia Technical Early College,Visalia,93277,https://www.vusd.org/vtec
John S. Wash Elementary,Fresno,93727,https://johnwash.sanger.k12.ca.us/
Shasta County Independent Study,Redding,96003,https://www.shastacoe.org/instructional-services-division/technology-services
Congressman Jerry Lewis Elementary,Fort Irwin,92310,http://les.svusdk12.net/
Elizabeth Ustach Middle,Modesto,95355,https://sites.google.com/sylvan.k12.ca.us/ustachms/home
Academy of the Canyons,Santa Clarita,91355,https://www.academyofthecanyons.com/
Encanto Elementary,San Diego,92114,https://encanto.sandiegounified.org/
John H. Still,Sacramento,95832,https://www.scusd.edu/school/john-still
Father Keith B. Kenny,Sacramento,95817,https://www.scusd.edu/school/fr-keith-b-kenny
Montevideo Elementary,San Ramon,94583,https://www.mves.srvusd.k12.ca.us/
Ivanhoe Elementary,Ivanhoe,93235,https://www.vusd.org/ivanhoe
Centennial Elementary,Bakersfield,93314,https://www.ruesd.net/centennial
Anderson,San Bernardino,92410,https://anderson.sbcusd.com/
Pacific Collegiate Charter,Santa Cruz,95060,https://www.pacificcollegiate.com/
Howe Avenue Elementary,Sacramento,95825,https://www.sanjuan.edu/howe
Peters Canyon Elementary,Tustin,92782,https://www.tustin.k12.ca.us/peters-canyon
Montgomery Middle,San Diego,92154,http://mom.sweetwaterschools.org/
Rowland Elementary,Rowland Heights,91748,https://www.rowlandelemschool.org/
Kimbrough Elementary,San Diego,92102,https://kimbrough.sandiegounified.org/
Lytle Creek Elementary,San Bernardino,92410,https://lytlecreek.sbcusd.com/
Cypress Village Elementary,Irvine,92620,https://cypressvillage.iusd.org/
Osprey Learning Center,Redway,95560,https://www.cde.ca.gov/schooldirectory/details?cdscode=12630401230010
Global Learning Charter,Visalia,93291,https://www.vusd.org/Domain/1136
Richardson Prep Hi,San Bernardino,92410,https://richardson.sbcusd.com/
Herbert Slater Middle,Santa Rosa,95405,https://hsms-santarosa-ca.schoolloop.com/
Somis Elementary,Somis,93066,http://somisusd.org/
Vista San Gabriel Elementary,Palmdale,93591,https://vsg-wsd-ca.schoolloop.com/
Valley Oak Middle,Visalia,93292,https://www.vusd.org/valleyoak
Parkway Elementary,Sacramento,95823,https://www.scusd.edu/school/parkway
Amador County Special Education,Jackson,95642,https://amadorcoe.org/departments/special-education/
West Marin Elementary,Point Reyes Station,94956,http://wmis.shorelineunified.org/
Solana Santa Fe Elementary,Rancho Santa Fe,92067,https://www.sbsd.k12.ca.us/Domain/11
Calaveras County Special Education (SELPA),Angels Camp,95221,https://www.ccoe.k12.ca.us/apps/pages/index.jsp?uREC_ID=1093577&type=d&pREC_ID=1378355
Spruce Elementary,South San Francisco,94080,https://spruce-ssfusd-ca.schoolloop.com/
OCCS:CHEP/PCHS,Tustin,92780,https://www.cde.ca.gov/schooldirectory/details?cdscode=30103063030632
Saint Helena Elementary,St. Helena,94574,https://www.sthelenaunified.org/Domain/138
McKinley Elementary,Stockton,95206,https://www.stocktonusd.net/McKinley
Sundown Elementary,Lancaster,93536,https://www.westside.k12.ca.us/sd
Arlington Elementary,Torrance,90504,https://www.tusd.org/schools/arlington
Noddin Elementary,San Jose,95124,https://noddin.unionsd.org/
Vallecitos Elementary,Rainbow,92028,https://www.greatschools.org/california/rainbow/6304-Vallecitos-Elementary-School/
San Pasqual Vocational Academy,Winterhaven,92283,https://www.spvusd.org/
East Village High,San Diego,92101,https://eastvillage.sandiegounified.org/
Ethel I. Baker Elementary,Sacramento,95824,https://www.scusd.edu/school/ethel-i-baker
Shiloh Elementary,Modesto,95358,http://www.shiloh.k12.ca.us/
Laytonville Elementary,Laytonville,95454,https://www.lusd.us/laytonville-elementary-school
Yuba City Independence Academy,Yuba City,95991,https://alt.ycusd.org/
Tranquillity Elementary,Tranquillity,93668,https://www.cde.ca.gov/SchoolDirectory/details?cdscode=10752346007397
De Portola Elementary,Mission Viejo,92691,https://www.svusd.org/schools/elementary-a-l/de-portola
Napa County Community,Napa,94559,https://www.countyofnapa.org/
Santee Success Program,Santee,92071,https://santeesd.net/schools/santee_success_program
Carson Elementary,San Diego,92111,https://carson.sandiegounified.org/
Seeley Elementary,Seeley,92273,https://www.seeleyusd.org/
Balboa Elementary,San Diego,92113,https://balboa.sandiegounified.org/
West Hills Juvenile Hall Court,Ukiah,95482,https://www.mcoe.us/schools-districts/mcoe-schools/west-hills-juvenile-hall-school/
Robert C. Cooley Middle,Roseville,95747,https://cooley.rcsdk8.org/
Hacienda Science/Environmental Magnet,San Jose,95118,https://hacienda.sjusd.org/
Bella Vista Elementary,San Ramon,94582,https://bves-srvusd-ca.schoolloop.com/
Golden Oak Community,Santa Clarita,91321,https://www.sssd.k12.ca.us/GoldenOak
Caleb Greenwood Elementary,Sacramento,95819,https://calebgreenwood.scusd.edu/
Freedom Elementary,Modesto,95355,https://freedomes.sylvan.k12.ca.us/
Jackson Elementary,Sanger,93657,https://jackson.sanger.k12.ca.us/
Gardner Elementary,San Jose,95125,https://gardner.sjusd.org/
Marshall Middle,San Diego,92131,https://www.marshallmiddle.org/
Glen Edwards Middle,Lincoln,95648,http://gems.wpusd.org/
ALBA,San Diego,92104,https://alba.sandiegounified.org/
Crawford High,San Diego,92115,https://crawford.sandiegounified.org/
Joseph H. Wardlaw Elementary,Vallejo,94591,https://jwes-vcusd-ca.schoolloop.com/
Ibarra Elementary,San Diego,92115,https://ibarra.sandiegounified.org/
Vista Verde,Irvine,92603,https://vistaverde.iusd.org/
Taylor (Edward R.) Elementary,San Francisco,94134,https://www.sfusd.edu/school/er-taylor-elementary-school
Mound Elementary,Ventura,93003,https://www.venturausd.org/mound/Home.aspx
Lone Tree Elementary,Beale AFB,95903,https://lonetree.wheatlandsd.com/
Dougherty Valley High,San Ramon,94582,https://www.dvhigh.net/
O'Connell (John) High,San Francisco,94110,https://www.sfusd.edu/school/john-oconnell-high-school
Howard Wood Elementary,Torrance,90501,https://www.tusd.org/schools/wood
Buena Vista/ Horace Mann K-8,San Francisco,94110,https://www.sfusd.edu/school/buena-vista-horace-mann-k-8-community-school
Highland Pacific Elementary,Highland,92346,https://highlandpacific.sbcusd.com/
Martin Elementary,South San Francisco,94080,https://martin-ssfusd-ca.schoolloop.com/
Evergreen Middle,West Sacramento,95691,https://www.cde.ca.gov/SchoolDirectory/details?cdscode=57726940120238
Justin Early Learners Academy,Simi Valley,93065,https://jes-simi-ca.schoolloop.com/
Madrone High Continuation,San Rafael,94901,https://mhs-srcs-ca.schoolloop.com/
West Creek Academy,Valencia,91354,https://westcreek.saugususd.org/
Cloverly Elementary,Temple City,91780,https://cloverly.tcusd.net/
Towers Elementary,Torrance,90503,http://towers.tusd.org/
Sonora Elementary,Sonora,95370,https://www.ses.k12.ca.us/
Scott Lane Elementary,Santa Clara,95050,https://scottlane.schoolloop.com/
Crestmont Elementary,Roseville,95661,https://crestmont.rcsdk8.org/
Pioneer Continuation High,Redding,96001,http://www.pioneerhs.net/
Wrightwood Elementary,Wrightwood,92397,https://wes.snowlineschools.com/
Pony Express Elementary,Sacramento,95831,https://ponyexpress.scusd.edu/
Andrew Jackson Elementary,Selma,93662,https://www.selmausd.org/Jackson
Francisco Middle,San Francisco,94133,https://www.sfusd.edu/school/francisco-middle-school
Vista Del Mar,San Diego,92154,https://www.pardeehomes.com/san-diego/vista-del-mar/
Kings County Special Education,Hanford,93230,https://www.kingscoe.org/domain/143
Carl Smith Middle,Terra Bella,93270,https://tbuesd.org/District/Department/21-Carl-Smith-Middle-School
Chet F. Harritt Elementary,Santee,92071,https://cfh.santeesd.net/
Hoover Elementary,Santa Ana,92706,https://www.sausd.us/hoover
Creekside High,Sonoma,95476,https://www.sonomaschools.org/creekside
Elinor Lincoln Hickey Jr./Sr. High,Sacramento,95825,https://www.niche.com/k12/elinor-lincoln-hickey-junior-senior-high-school-sacramento-ca/
Del Cerro Elementary,Mission Viejo,92691,https://www.svusd.org/schools/elementary-a-l/del-cerro
Walnut High,Walnut,91789,https://www.walnuths.net/
Laurel Wood Elementary,Salinas,93907,https://www.salinascityesd.org/laurel-wood
Mead Valley Elementary,Perris,92570,https://meadvalley.valverde.edu/
Franklin Elementary,Santa Monica,90403,https://www.smmusd.org/franklin
Eagle Canyon High,Templeton,93465,https://www.cde.ca.gov/schooldirectory/details?cdscode=40688414030128
Whitmore Elementary,Whitmore,96096,https://www.greatschools.org/california/whitmore/6523-Whitmore-Elementary-School/
South Fork High,Twain Harte,95383,https://www.summbears.net/schools/south-fork/
Weill (Raphael) Children Center,San Francisco,94115,https://www.cde.ca.gov/schooldirectory/details?cdscode=38684780117515
Twila Reid Elementary,Anaheim,92804,https://www.savsd.org/school/reid
Solvang Elementary,Solvang,93463,https://www.solvangschool.org/
Marin County Special Education,San Rafael,94903,https://www.marinschools.org/domain/142
Solana Vista Elementary,Solana Beach,92075,https://www.sbsd.k12.ca.us/Domain/9
Buena Vista Middle,Salinas,93908,https://spreckelsdistrict.org/schools/buena-vista-middle/
Sequoia Elementary,San Diego,92117,https://sequoia.sandiegounified.org/
Elise P. Buckingham Charter Magnet High,Vacaville,95687,https://buckingham.schoolloop.com/
Kern County Juvenile Court,Bakersfield,93301,https://www.kern.courts.ca.gov/divisions/juvenile
Nicholas Elementary,Sacramento,95823,https://www.scusd.edu/school/nicholas
Robert Louis Stevenson Intermediate,St. Helena,94574,https://www.greatschools.org/california/saint-helena/3543-Robert-Louis-Stevenson-Intermediate-School/
Orchard Elementary,Modesto,95355,https://orchardes.sylvan.k12.ca.us/
Vineland Elementary,Bakersfield,93307,http://vineland.k12.ca.us/
Twelve Bridges Middle,Lincoln,95648,http://tbms.wpusd.org/
El Gabilan Elementary,Salinas,93906,https://www.salinascityesd.org/el-gabilan
Accelerated Charter High,Tulare,93274,https://achs.tjuhsd.org/
El Puente,Salinas,93906,https://www.salinasuhsd.org/Domain/8
Oak Meadow Community Day,Tollhouse,93667,https://www.cde.ca.gov/SchoolDirectory/details?cdscode=10752751030709
Torrance Elementary,Torrance,90501,https://www.tusd.org/schools/torrance-elementary
Pinon Hills Elementary,Pinon Hills,92372,https://phe.snowlineschools.com/
Winton Middle,Winton,95388,http://www.winton.k12.ca.us/
Nye Elementary,San Diego,92114,https://nye.sandiegounified.org/
Nevada County Special Education,Nevada City,95959,https://www.cde.ca.gov/SchoolDirectory/details?cdscode=29102986077226
Everett Alvarez High,Salinas,93906,https://www.salinasuhsd.org/Domain/11
San Pasqual Valley Elementary,Winterhaven,92283,https://www.spvusd.org/
Farragut Academy,Vallejo,94590,https://www.cde.ca.gov/schooldirectory/details?cdscode=48705810101980
Woodrow Wilson Elementary,Selma,93662,https://www.selmausd.org/wilson
West Portal Elementary,San Francisco,94127,http://www.westportalschool.com/
Belle Air Elementary,San Bruno,94066,https://www.sbpsd.org/belleair
Roosevelt Elementary,Stockton,95205,https://www.stocktonusd.net/Roosevelt
William Land Elementary,Sacramento,95818,https://williamland.scusd.edu/
Monterey Park Elementary,Salinas,93901,https://www.salinascityesd.org/monterey-park
Edison Elementary,San Diego,92104,https://edison.sandiegounified.org/
Bradford Woodbridge Fundamental Elementary,Roseville,95678,https://woodbridge.rcsdk8.org/
Elk Creek Junior-Senior High,Elk Creek,95939,http://www.scjusd.org/District/1221-Elk-Creek-Sr-High-School.html
Northwood High,Irvine,92620,https://northwoodhigh.iusd.org/
Hidden Valley Elementary,Santa Rosa,95404,https://www.srcschools.org/Page/2233
Elsa Widenmann Elementary,Vallejo,94589,https://wes-vcusd-ca.schoolloop.com/
Arlington Heights Elementary,Citrus Heights,95621,https://www.sanjuan.edu/arlington
Ventura High,Ventura,93001,https://www.venturausd.org/ventura/home.aspx
Rio Vista Elementary,San Bernardino,92411,https://riovista.sbcusd.com/
Roosevelt Elementary,San Leandro,94577,https://www.slusd.us/roosevelt/
Millennial Tech Middle,San Diego,92102,https://millennialtech.sandiegounified.org/
Rosedell Elementary,Saugus,91350,https://rosedell.saugususd.org/
Sir Francis Drake High,San Anselmo,94960,https://www.tamdistrict.org/highschool1327
Sheridan Elementary,Sheridan,95681,http://ses.wpusd.org/
Taft Elementary,Santa Ana,92707,https://www.sausd.us/taft
Pacific Beach High,San Luis Obispo,93405,https://pbhs.slcusd.org/
Sundale Elementary,Tulare,93274,https://www.sundaleschool.com/
Cypress Elementary,Tulare,93274,https://cypress.tcsdk8.org/
Sonoma County Court,Santa Rosa,95403,http://sonoma.courts.ca.gov/
Sierra Avenue Elementary,Oroville,95965,https://www.cde.ca.gov/SchoolDirectory/details?cdscode=04615496003370
TIOGA Community,Lee Vining,93541,https://www.cde.ca.gov/SchoolDirectory/details?cdscode=26102640107714
Lilienthal (Claire) Elementary,San Francisco,94123,http://www.clairelilienthal.org/
Vanden High,Fairfield,94533,https://www.travisusd.org/vanden
San Juan,San Juan Bautista,95045,https://www.sanjuanbautistaca.com/
Triton Academy,Camarillo,93012,https://www.vcoe.org/triton
Oak Grove Elementary,Visalia,93291,https://www.vusd.org/oakgrove
White Oak Elementary,Simi Valley,93063,https://woe-simi-ca.schoolloop.com/
William Kaseberg Elementary,Roseville,95678,https://kaseberg.rcsdk8.org/
Tulare County Community,Visalia,93277,https://www.cde.ca.gov/SchoolDirectory/details?cdscode=54105465430343
Temple City Alternative,Temple City,91780,https://www.cde.ca.gov/SchoolDirectory/details?cdscode=19650521995976
Eastlake Middle,Chula Vista,91914,http://elm.sweetwaterschools.org/
Royal High,Simi Valley,93065,https://rhs-simi-ca.schoolloop.com/
Strathmore Elementary,Strathmore,93267,http://www.suesd.k12.ca.us/
Spring Valley Elementary,San Francisco,94109,https://www.sfusd.edu/school/spring-valley-science-elementary-school
Anacapa Middle,Ventura,93003,https://www.venturausd.org/anacapa/home.aspx
Coyote Creek Elementary,San Ramon,94582,https://www.ckes.srvusd.k12.ca.us/
Sherman Elementary,San Diego,92102,https://sherman.sandiegounified.org/
Center Elementary,Fairfield,94533,https://www.travisusd.org/center
Havard (Leola M.) Early Education,San Francisco,94124,https://www.sfusd.edu/school/leola-m-havard-early-education-school
North Verdemont Elementary,San Bernardino,92407,https://northverdemont.sbcusd.com/
Wilhelmina Henry Elementary,Stockton,95215,https://www.stocktonusd.net/henry
Cadence Park,Irvine,92618,https://greatparkneighborhoods.com/neighborhoods/cadence-park
Hicks Canyon Elementary,Irvine,92602,https://www.tustin.k12.ca.us/hicks
Imperial Pathways Charter,El Centro,92243,https://www.icoe.org/alternative-education/imperial-pathways
Yuba City High,Yuba City,95991,http://www.ycusd.k12.ca.us/
La Joya Middle,Visalia,93277,https://www.vusd.org/LaJoya.cfm
Lloyd Hance Community,Lakeport,95453,https://www.lakecoe.org/Hance
Jefferson Middle,San Gabriel,91776,https://jefferson.sgusd.k12.ca.us/
Willows Intermediate,Willows,95988,http://wis.willowsunified.org/
Susan B. Anthony Elementary,Sacramento,95832,https://www.scusd.edu/school/susan-b-anthony
Shasta County Juvenile Court,Redding,96001,https://www.co.shasta.ca.us/index/probation/juvenile-division
Indian Valley Elementary,Walnut Creek,94598,https://www.walnutcreeksd.org/Subsite002
San Dieguito HS Academy,Encinitas,92024,https://sd.sduhsd.net/
Orchard View,Sebastopol,95472,https://www.orchardviewschool.org/
Jordan (June) School for Equity,San Francisco,94112,https://www.jjse.org/
La Mesa Junior High,Santa Clarita,91351,https://www.lamesajuniorhigh.org/
Pittman Charter,Stockton,95202,https://www.stocktonusd.net/pittman
William S. Hart High,Newhall,91321,https://www.harthighschool.org/
Sunset High (Continuation),Encinitas,92024,https://ss.sduhsd.net/
McFadden Intermediate,Santa Ana,92704,https://www.sausd.us/mcfadden
Tehama eLearning Academy,Red Bluff,96080,https://www.telacademy.org/
Murray Middle,Ridgecrest,93555,http://sierrasandsmms.ss8.sharpschool.com/
Lodge Pole Elementary (Alternative),Tollhouse,93667,https://www.greatschools.org/california/tollhouse/10907-Lodge-Pole-Elementary-Alternative-School/
Loma Vista Elementary,Ventura,93003,https://www.venturausd.org/lomavista/home.aspx
Woodland Middle Grade Community Day,Woodland,95695,https://www.cde.ca.gov/SchoolDirectory/details?cdscode=57727100138677
S.F. International High,San Francisco,94107,http://sfihs.com/
Los Altos Elementary,Whittier,90604,https://losaltos.swhittier.k12.ca.us/
Adele Harrison Middle,Sonoma,95476,https://www.sonomaschools.org/adele
Jean Callison Elementary,Vacaville,95687,https://callison.schoolloop.com/
King Avenue Elementary,Yuba City,95991,https://king.ycusd.org/
Mt. Everest Academy,San Diego,92117,https://mteverest.sandiegounified.org/
Golden Hills Elementary,Tehachapi,93561,https://ghe.tehachapiusd.com/
General Davie Jr. Primary Center,Sacramento,95864,https://www.cde.ca.gov/schooldirectory/details?cdscode=34674470127449
Sequoia High,Visalia,93291,https://www.vusd.org/sequoia
Mono County Office of Education Inclusive Preschool,Mammoth Lakes,93546,https://www.cde.ca.gov/SchoolDirectory/details?cdscode=26102640129478
Rowland Unified Community Day,Rowland Heights,91748,https://www.cde.ca.gov/SchoolDirectory/details?cdscode=19734521995943
Harrison Elementary,Stockton,95209,https://www.stocktonusd.net/Harrison
Joseph Arnold Elementary,Torrance,90505,https://www.tusd.org/schools/arnold
Reed Elementary,San Jose,95118,https://reed.sjusd.org/
Correia Middle,San Diego,92107,https://correia.sandiegounified.org/
Martin Elementary,Santa Ana,92707,https://www.sausd.us/martin
Graciano Gomez Elementary,San Bernardino,92411,https://gomez.sbcusd.com/
Los Alisos Intermediate,Mission Viejo,92691,https://www.svusd.org/schools/intermediate/los-alisos
Garfield Elementary,Santa Ana,92701,https://www.sausd.us/garfield
Plumas County Community,Quincy,95971,https://www.plumascdc.org/
Bird Rock Elementary,La Jolla,92037,https://birdrock.sandiegounified.org/
Sheppard Elementary,Santa Rosa,95407,https://www.roselandsd.org/SHP
East County Elementary Special Education,Antioch,94509,https://www.greatschools.org/california/antioch/14855-East-County-Elementary-Special-Education-School/
College Park Elementary,San Mateo,94401,https://college-park.smfcsd.net/
Lincoln Elementary,Sanger,93657,https://lincoln.sanger.k12.ca.us/
Mission Avenue Open Elementary,Carmichael,95608,https://www.sanjuan.edu/MissionAvenueOpen.cfm
Yolo County Special Education,Woodland,95695,https://www.ycoe.org/pf4/cms2/view_page?d=x&group_id=1529997507910&vdid=i2p4c1wfl8f3ck
Washington Open Elementary,Santa Clara,95050,https://woe-scusd-ca.schoolloop.com/
Natividad Elementary,Salinas,93906,https://www.salinascityesd.org/natividad
Godfrey G. Berry Elementary,San Diego,92154,https://www.greatschools.org/california/san-diego/6075-Godfrey-G.-Berry-Elementary-School/
T.H.E Leadership Academy,Oceanside,92056,http://www.th.vistausd.org/
Elder Creek Elementary,Sacramento,95824,https://eldercreek.scusd.edu/
Foster City Elementary,Foster City,94404,https://foster-city.smfcsd.net/
Santa Cruz High,Santa Cruz,95060,http://schs.sccs.net/
Salinas Community,Salinas,93906,http://www.monterey.k12.ca.us/programs-services/alternative-education/index
Dyer-Kelly Elementary,Sacramento,95821,https://www.sanjuan.edu/dyerkelly
Foothill High,Santa Ana,92705,https://www.tustin.k12.ca.us/foothill
Lincoln Elementary,Salinas,93901,https://www.salinascityesd.org/lincoln
Los Tules Middle,Tulare,93274,https://lostules.tcsdk8.org/
April Lane Elementary,Yuba City,95991,https://april.ycusd.org/
Manuel L. Real Elementary,Perris,92570,https://manuelreal.valverde.edu/
Sun Valley Elementary,San Rafael,94901,https://sv-srcs-ca.schoolloop.com/
Mildred Perkins Elementary,Modesto,95356,https://www.salida.k12.ca.us/Domain/11
San Ysidro High,San Diego,92154,http://syh.sweetwaterschools.org/
Castle Park Middle,Chula Vista,91911,http://cpm.sweetwaterschools.org/
Eastwood Elementary,Irvine,92620,https://eastwood.iusd.org/
May Ranch Elementary,Perris,92571,https://mayranch.valverde.edu/
Monroe Elementary,San Francisco,94112,https://www.sfusd.edu/school/monroe-elementary-school
Alpine County Opportunity,Markleeville,96120,https://www.greatschools.org/california/markleeville/10870-Alpine-County-Opportunity-School/
Stevenson (Robert Louis) Elementary,San Francisco,94116,http://www.robertlouisstevensonschool.org/
Burbank Elementary,San Diego,92113,https://burbank.sandiegounified.org/
Mary Ann Sanders Elementary,Modesto,95355,https://sanderses.sylvan.k12.ca.us/
Pacific Beach Elementary,San Diego,92109,https://pacificbeach.sandiegounified.org/
Washington Elementary,Salinas,93908,https://www.salinasuhsd.org/Domain/17
Saucelito Elementary,Terra Bella,93270,https://saucelito.org/
Buena Vista High (Continuation),Taft,93268,https://www.taftunion.org/domain/34
Villacorta Elementary,La Puente,91744,https://www.villacortaschool.org/
Challenger School of Sports and Fitness,Victorville,92394,http://challenger.vesd.net/
Gabilan Elementary,Soledad,93960,https://www.cde.ca.gov/schooldirectory/details?cdscode=27754406105472
Pinnacles Community,Hollister,95023,https://www.cde.ca.gov/schooldirectory/details?cdscode=35103550132308
Tenderloin Community,San Francisco,94102,https://www.sfusd.edu/school/tenderloin-community-elementary-school
Weed High,Weed,96094,http://www.k12guides.com/school/Weed-High:063694006280.html
Schallenberger Elementary,San Jose,95125,https://schallenberger.sjusd.org/
Dayton Elementary,San Leandro,94579,https://day.slzusd.org/
Madison Elementary,Stockton,95204,https://www.stocktonusd.net/madison
Rancho Verde High,Moreno Valley,92551,https://ranchoverde.valverde.edu/
Apollo High,Simi Valley,93065,https://ahs-simi-ca.schoolloop.com/
Sutter Middle,Sacramento,95816,https://sutter.scusd.edu/
McKinley Elementary,Santa Monica,90404,https://www.smmusd.org/mckinley
Union Hill Middle,Grass Valley,94945,https://www.greatschools.org/california/grass-valley/31173-Union-Hill-Middle/
Lincrest Elementary,Yuba City,95991,https://lincrest.ycusd.org/
Santa Clara County Special Education,San Jose,95131,https://www.sccoe.org/depts/students/special-education/Pages/default.aspx
Vista Grande Elementary,San Diego,92124,https://vistagrandeelementary.com/
Whitethorn Elementary,Whitethorn,95589,https://www.cde.ca.gov/schooldirectory/details?cdscode=12630406008239
Dunlap Elementary,Yucaipa,92399,https://des.yucaipaschools.com/
Del Norte Community,Crescent City,95531,http://opendoorhealth.com/opendoor/locations/del-norte-community-health-center/
Marina Middle,San Francisco,94123,https://www.sfusd.edu/school/marina-middle-school
Trona Elementary,Trona,93562,https://elementary.tjusd.net/o/trona-elementary-school
Serra High,San Diego,92124,https://serra.sandiegounified.org/
Empire Gardens Elementary,San Jose,95112,https://empire.sjusd.org/
Skyline Elementary,Solana Beach,92075,https://www.sbsd.k12.ca.us/Domain/8
Indianola Elementary,Selma,93662,https://www.cde.ca.gov/SchoolDirectory/details?cdscode=10624306007280
Sutter County Special Education,Yuba City,95993,https://www.sutter.k12.ca.us/Departments/Special-Education/index.html
Willits High,Willits,95490,http://whs.willitsunified.com/
Gateway Center,San Mateo,94402,https://www.cde.ca.gov/SchoolDirectory/details?cdscode=41104130113332
Arroyo Vista Elementary,South Pasadena,91030,https://arroyo.spusd.net/
Seaside Elementary,Torrance,90505,http://seaside.tusd.org/
Visalia Charter Independent Study,Visalia,93291,https://www.vciseagles.org/
John F. Kennedy High,Sacramento,95831,https://jfk.scusd.edu/
Castillero Middle,San Jose,95120,https://castillero.sjusd.org/
Liberty Elementary,Victorville,92395,http://victor.ss12.sharpschool.com/schools/liberty
Abraham Lincoln Alternative,Rosamond,93560,https://www.cde.ca.gov/SchoolDirectory/details?cdscode=15637761530377
Language Academy,San Diego,92115,https://languageacademy.sandiegounified.org/
San Benito County Juvenile Hall Court,Hollister,95023,http://www.sanbenito.courts.ca.gov/court_divisions/juvenile.shtml
Normal Heights Elementary,San Diego,92116,https://normalheights.sandiegounified.org/
Antelope High,Antelope,95843,https://www.rjuhsd.us/antelope
Santa Rita Elementary,Salinas,93906,https://www.santaritaschools.org/
Los Cerritos Elementary,South San Francisco,94080,https://loscerritos-ssfusd-ca.schoolloop.com/
Santana High (Continuation),La Puente,91744,https://www.santanahs.org/
Will Rogers Elementary,Santa Monica,90405,https://www.smmusd.org/rogers
Mt. Whitney High,Visalia,93277,https://www.vusd.org/mtwhitney
Hawthorne Elementary,San Luis Obispo,93401,https://ha.slcusd.org/
Los Cerros Middle,Danville,94526,https://lcms.schoolloop.com/
Freedom High,Redding,96001,https://www.cde.ca.gov/SchoolDirectory/details?cdscode=45701364530218
Westpark Elementary,Rosamond,93560,https://www.skusd.k12.ca.us/domain/45
Simi Valley High,Simi Valley,93063,https://www.svhs.simivalleyusd.org/
Mountain View Montessori Charter,Victorville,92395,http://mtview.vesd.net/
Foxboro Elementary,Vacaville,95687,https://www.travisusd.org/foxboro
Muscatel Middle,Rosemead,91770,https://www.rosemead.k12.ca.us/muscatel
Del Mar Elementary,Morro Bay,93442,https://dm.slcusd.org/
Country High,Vacaville,95688,http://www.countryhs.schoolloop.com/cms/month?d=x&group_id=1186552817581&month_id=1450339200000&return_url=1447802448949
Caroline Wenzel Elementary,Sacramento,95831,https://www.scusd.edu/school/caroline-wenzel
Curie Elementary,San Diego,92122,https://curie.sandiegounified.org/
San Juan Choices Charter,Sacramento,95864,https://choicescharter.org/
Emperor Elementary,San Gabriel,91775,https://www.greatschools.org/california/san-gabriel/2955-Emperor-Elementary-School/
Riley/New Dawn,San Diego,92111,https://www.sandiegounified.org/schools/riley
La Jolla Elementary,La Jolla,92037,https://lajolla.sandiegounified.org/
Anderson Elementary,Garden Grove,92844,https://anderson.wsdk8.us/
Travis Independent Study,Fairfield,94533,http://www.travisusd.org/center
Annie R. Mitchell,Visalia,93292,https://www.vusd.org/Domain/183
Hoaglin-Zenia Elementary,Zenia,95595,http://stjusd.org/index.php/hoaglin-zenia-elementary-school
Far East County Programs,Brentwood,94513,https://www.cde.ca.gov/schooldirectory/details?cdscode=07100740107326
Corvallis Elementary,San Leandro,94579,https://cor.slzusd.org/
Boulder Creek Elementary,Boulder Creek,95006,https://bce.slvusd.org/
Gateway Community,Camarillo,93010,https://www.vcoe.org/gateway
Hansen Elementary,Anaheim,92804,https://www.savsd.org/school/hansen
Vista Innovation and Design Academy,Vista,92083,http://www.vida.vistausd.org/
Costanoa Continuation High,Santa Cruz,95062,http://sccsbssc.ss8.sharpschool.com/schools/costanoa
John D. Sloat Elementary,Sacramento,95822,https://www.scusd.edu/school/john-d-sloat
Johnson Middle,Westminster,92683,https://www.greatschools.org/california/westminster/4093-Johnson-Middle-School/
John Baldwin Elementary,Danville,94526,https://jbes-srvusd-ca.schoolloop.com/
Houston Elementary,Visalia,93291,https://www.vusd.org/houston
Almaden Elementary,San Jose,95118,https://almaden.sjusd.org/
Sisk Elementary,Salida,95368,https://www.salida.k12.ca.us/Sisk
Woodville Elementary,Porterville,93257,http://home.woodvilleschools.org/
Teresa Burke Elementary,Wasco,93280,https://tbes-wuesd-ca.schoolloop.com/
McKinley Elementary,San Leandro,94577,https://www.slusd.us/mckinley/
Sierra Vista High (Alternative),Whittier,90605,https://svhs.wuhsd.org/
Stockton Early College Academy,Stockton,95202,https://www.stocktonusd.net/seca
Cave Language Academy,Vallejo,94591,https://caes-vcusd-ca.schoolloop.com/
Imperial County Juvenile Hall/Community,El Centro,92243,https://www.cde.ca.gov/schooldirectory/details?cdscode=13101321330117
Emma W. Shuey Elementary,Rosemead,91770,https://www.rosemead.k12.ca.us/shuey
Live Oak Middle,Tulare,93274,https://liveoak.tcsdk8.org/
Floyd I. Marchus,Concord,94520,https://www.cccoe.k12.ca.us/marchus
Parkview Elementary,Taft,93268,https://www.taftcityschools.com/PES
Myford Elementary,Irvine,92602,https://www.tustin.k12.ca.us/myford
Roosevelt Middle,Oceanside,92057,http://www.rms.vistausd.org/
Foskett Ranch Elementary,Lincoln,95648,http://fres.wpusd.org/
Heritage Community Day,Oroville,95965,https://www.thermalito.org/HPCDS
Merlinda Elementary,West Covina,91790,https://merlinda.wcusd.org/
Denman (James) Middle,San Francisco,94112,https://www.sfusd.edu/school/james-denman-middle-school
Vaca Pena Middle,Vacaville,95687,https://vacapena.schoolloop.com/
California High,Whittier,90604,https://chs.wuhsd.org/
Sandburg Elementary,San Diego,92126,https://sandburg.sandiegounified.org/
Alta Vista High (Continuation),Vista,92084,http://www.avhs.vistausd.org/
Edgewood High,West Covina,91790,https://edgewoodib.wcusd.org/
Advanced Learning Academy,Santa Ana,92701,https://www.sausd.us/advancedlearning
Shery (Kurt T.) High (Continuation),Torrance,90501,http://shery.tusd.org/
Richard L. Graves Middle,Whittier,90605,https://graves.swhittier.k12.ca.us/
White Oaks Elementary,San Carlos,94070,https://whiteoaks.scsdk8.org/
Mountain High,Pinecrest,95364,https://www.summbears.net/schools/mountain-high/
J. X. Wilson Elementary,Santa Rosa,95401,https://www.wrightesd.org/JXW
Dolores Huerta Elementary,Stockton,95206,https://www.stocktonusd.net/Huerta
Spreckels Elementary,Spreckels,93962,https://spreckelsdistrict.org/
Snelling-Merced Falls Elementary,Snelling,95369,http://www.snelling.k12.ca.us/
Coleman Elementary,San Rafael,94901,https://co-srcs-ca.schoolloop.com/
John B Allard,Ceres,95307,https://www.stancoe.org/division/educational-options/stanislaus-county-institute-learning-tactical-character-academy-tca
Cesar E. Chavez Middle,San Bernardino,92407,https://chavez.sbcusd.com/
Washington Elementary,Visalia,93277,https://www.vusd.org/washington
Albert Einstein Middle,Sacramento,95826,https://einstein.scusd.edu/
Clairemont High,San Diego,92117,https://clairemont.sandiegounified.org/
Capital City Independent Study,Sacramento,95823,https://www.scusd.edu/school/capital-city-school
Pinnacles High,Soledad,93960,https://soledadusd.org/pinnacles-high-school/
Taft Union High,Taft,93268,https://www.taftunion.org/
Loma Vista Elementary,Salinas,93906,https://www.salinascityesd.org/loma-vista
Golden Oak Elementary,Visalia,93292,https://www.vusd.org/goldenoak
Willow Glen Elementary,Visalia,93291,https://www.vusd.org/willowglen
Lorenzo Manor Elementary,Hayward,94541,https://lor.slzusd.org/
Hillside Middle,Simi Valley,93065,https://www.hms.simivalleyusd.org/
Bishop Elementary,Sunnyvale,94085,https://www.sesd.org/bishop
East Hills Academy,Chula Vista,91913,https://www.greatschools.org/california/chula-vista/17500-East-Hills-Academy/
Delta Charter,Aptos,95003,http://www.deltaschool.org/
Stone Valley Middle,Alamo,94507,https://stonevalley.schoolloop.com/
Steffan Manor Elementary,Vallejo,94591,https://smes-vcusd-ca.schoolloop.com/
Walter L. Bachrodt Elementary,San Jose,95110,https://bachrodt.sjusd.org/
S. William Abel Community,Williams,95987,https://www.cde.ca.gov/SchoolDirectory/details?cdscode=06100660630111
Ridgeview Elementary,Yucaipa,92399,https://res.yucaipaschools.com/
Marston Middle,San Diego,92117,https://marston.sandiegounified.org/
Vencil Brown Elementary,Roseville,95678,https://brown.rcsdk8.org/
Lau (Gordon J.) Elementary,San Francisco,94108,https://www.sfusd.edu/school/gordon-j-lau-elementary-school
Gonzalo Felicitas Mendez Fundamental Intermediate,Santa Ana,92706,https://www.sausd.us/mendez
Leonardo Da Vinci,Sacramento,95822,https://www.leonardodavincischool.org/
Fair Oaks Ranch Community,Santa Clarita,91387,https://gregoryrealestategroup.com/neighborhood/fair-oaks-ranch-neighborhood-of-canyon-country/
S.F. County Court Woodside Learning Ctr,San Francisco,94127,https://www.sfusd.edu/school/woodside-learning-center
Trabuco Elementary,Trabuco Canyon,92678,https://www.greatschools.org/california/trabuco-canyon/4011-Trabuco-Elementary-School/
Joyner Elementary,San Diego,92105,https://joyner.sandiegounified.org/
Brittan Acres Elementary,San Carlos,94070,https://brittanacres.scsdk8.org/
Placerita Junior High,Newhall,91321,https://www.placeritajuniorhigh.org/
Rainbow Ridge Elementary,Moreno Valley,92551,https://rainbowridge.valverde.edu/
Carmela Elementary,Whittier,90605,https://carmela.swhittier.k12.ca.us/
Willmore Elementary,Westminster,92683,https://willmore.wsdk8.us/
Malibu Middle,Malibu,90265,http://malibu.smmusd.org/
Farjardo - La Seda Preschool,Rowland Heights,91748,https://www.greatschools.org/california/rowland-heights/25232-Farjardo---La-Seda-Preschool/
Bowling Green Elementary,Sacramento,95823,https://www.scusd.edu/school/bowling-green-charter-mccoy-academy
Imperial County Special Education,El Centro,92243,https://www.icoe.org/services/student-services/special-education
Greenville Fundamental Elementary,Santa Ana,92704,https://www.sausd.us/greenville
Stonegate Elementary,Irvine,92620,https://stonegate.iusd.org/
Mar Vista Senior High,Imperial Beach,91932,http://mvh.sweetwaterschools.org/
Vacaville High,Vacaville,95688,https://vhs.schoolloop.com/
Hubert H. Bancroft Elementary,Sacramento,95826,https://hbancroft.scusd.edu/
Vine Elementary,West Covina,91791,https://vine.wcusd.org/
Lee Middle,Woodland,95695,https://lms.wjusd.org/
Will Rogers Elementary,Ventura,93003,https://www.venturausd.org/willrogers/Home.aspx
Crestwood Elementary,Visalia,93277,https://www.vusd.org/crestwood
American Legion High (Continuation),Sacramento,95817,https://www.scusd.edu/school/american-legion
La Mirada Academy,San Marcos,92078,https://lamiradaacademy.smusd.org/
H. W. Harkness Elementary,Sacramento,95822,https://www.scusd.edu/school/hw-harkness
Mission Viejo High,Mission Viejo,92691,https://www.svusd.org/schools/high-schools/mission-viejo
Chavez Elementary,San Diego,92113,https://www.chavez.sandiegounified.org/
Scripps Elementary,San Diego,92131,https://www.greatschools.org/california/san-diego/12041-Scripps-Elementary-School/
San Jacinto Early Childhood Education Center,San Jacinto,92583,https://www.cde.ca.gov/SchoolDirectory/details?cdscode=33672490116194
Tomales Elementary,Tomales,94971,http://shorelineunified.org/index.php/contact-us-tomaleses
Junipero Serra Elementary,Daly City,94015,https://junipero-ssfusd-ca.schoolloop.com/
Parkfield Elementary,San Miguel,93451,https://www.cde.ca.gov/SchoolDirectory/details?cdscode=40688336043335
Rockey Glenn Camp,San Dimas,91773,https://www.cde.ca.gov/SchoolDirectory/details?cdscode=19101991937317
Connections Visual and Performing Arts Academy,Tuolumne,95379,https://www.summbears.net/schools/connections-visual-performing-arts-academy/
Arroyo Seco Junior High,Valencia,91354,https://www.arroyosecojuniorhigh.org/
Parkmead Elementary,Walnut Creek,94595,https://www.walnutcreeksd.org/Page/15
Highlands Elementary,San Mateo,94402,https://highlands.smfcsd.net/
Branciforte Middle,Santa Cruz,95062,http://b40.sccs.net/
McKinley Elementary,San Diego,92104,https://mckinley.sandiegounified.org/
Wegeforth Elementary,San Diego,92123,https://wegeforth.sandiegounified.org/
Sequoia Elementary,Sacramento,95826,https://www.scusd.edu/school/sequoia
Tustin High,Tustin,92780,https://www.tustin.k12.ca.us/tustin-high
Woodland Senior High,Woodland,95695,https://whs.wjusd.org/
Mission Vista High,Oceanside,92057,http://www.mvhs.vistausd.org/
El Camino High,Ventura,93023,https://www.greatschools.org/california/ventura/11215-El-Camino-High-School/
Rancho Minerva Middle,Vista,92084,http://www.rmms.vistausd.org/
Wheatland Elementary,Wheatland,95692,https://wes.wheatlandsd.com/
Deerfield Elementary,Irvine,92604,https://deerfield.iusd.org/
John A. Rowland High,Rowland Heights,91748,https://www.rowlandhs.org/
Hage Elementary,San Diego,92126,https://hage.sandiegounified.org/
Diegueno Middle,Encinitas,92024,https://dg.sduhsd.net/
Raymond A. Villa Fundamental Intermediate,Santa Ana,92701,https://www.sausd.us/villa
County Community,Sutter Creek,95685,https://cityofsuttercreek.org/
Freedom Middle,Bakersfield,93312,https://www.ruesd.net/freedommiddle
Rowan Elementary,San Diego,92105,https://rowan.sandiegounified.org/
Yorbita Elementary,La Puente,91744,https://www.yorbitaschool.org/
Earl Warren Middle,Solana Beach,92075,https://ew.sduhsd.net/
Lincoln High (Continuation),San Leandro,94579,https://www.cde.ca.gov/SchoolDirectory/details?cdscode=01612910134528
Riley Elementary,San Bernardino,92405,https://riley.sbcusd.com/
Monarch,San Diego,92113,https://monarchschools.org/
Napa County Juvenile Hall/Court,Napa,94559,https://www.countyofnapa.org/1694/Juvenile-Hall
Catheryn Gates Elementary,Roseville,95678,https://gates.rcsdk8.org/
STAR at Anderson Community Day,San Bernardino,92410,https://www.cde.ca.gov/SchoolDirectory/details?cdscode=36678766114763
San Lorenzo Valley High,Felton,95018,https://hs.slvusd.org/
Southwest Middle,San Diego,92154,http://som.sweetwaterschools.org/
Beamer Elementary,Woodland,95695,https://beamerpark.wjusd.org/
Phoebe A. Hearst Elementary,Sacramento,95819,https://phoebehearst.org/
Plainfield Elementary,Woodland,95695,https://plainfield.wjusd.org/
Diablo Vista Middle,Danville,94506,https://dvms.schoolloop.com/
San Joaquin County Special Education,Stockton,95206,https://www.sjcoe.org/specialeducation/
Commodore Stockton Skills,Stockton,95204,https://www.stocktonusd.net/commodore
San Lorenzo High,San Lorenzo,94580,https://slz.slzusd.org/
Thomas E. Mathews Community,Marysville,95901,https://www.yubacoe.org/Page/215
Carmichael Elementary,Carmichael,95608,https://www.sanjuan.edu/carmichael
George A. Buljan Middle,Roseville,95678,https://buljan.rcsdk8.org/
San Luis County Special Education,San Luis Obispo,93405,http://www.slcusd.org/
Hiram W. Johnson High,Sacramento,95820,https://hiramjohnson.scusd.edu/
Quail Valley Middle,Phelan,92371,https://qvms.snowlineschools.com/
Bridgeport Elementary,Santa Clarita,91355,https://bridgeport.saugususd.org/
John C. Fremont Elementary,Stockton,95205,https://www.stocktonusd.net/Fremont
San Ardo Elementary,San Ardo,93450,https://sausd-k12-pt.schoolloop.com/
Springbrook Elementary,Irvine,92604,https://springbrook.iusd.org/
Kirby Dorothy Camp,City Of Commerce,90040,https://www.cde.ca.gov/SchoolDirectory/details?cdscode=19101990121905
Stone Creek Elementary,Irvine,92604,https://stonecreek.iusd.org/
San Joaquin Elementary,Laguna Hills,92653,https://www.svusd.org/schools/elementary-m-z/san-joaquin
Chesterton Elementary,San Diego,92111,https://chesterton.sandiegounified.org/
Tesoro del Valle Elementary,Valencia,91354,https://tesorodelvalle.saugususd.org/
Silver Valley High,Yermo,92398,http://svhs.svusdk12.net/
Curtis Middle,San Bernardino,92410,https://curtis.sbcusd.com/
McKinnon,Salinas,93906,https://mckinnon.santaritaschools.org/
BASES Learning Center,Oroville,95966,https://www.cde.ca.gov/SchoolDirectory/details?cdscode=04100410139493
West Ranch High,Valencia,91381,https://www.westranchhighschool.com/
Kumeyaay Elementary,San Diego,92124,https://kumeyaay.sandiegounified.org/
Richland Elementary,San Marcos,92069,https://richlandelementary.smusd.org/
Waukena Joint Union Elementary,Tulare,93274,http://www.tcoe.org/districts/waukena.shtm
Baywood Elementary,San Mateo,94402,https://baywood.smfcsd.net/
Vista Verde Middle,Moreno Valley,92551,https://vistaverde.valverde.edu/
Lincoln Elementary,Vallejo,94590,https://les-vcusd-ca.schoolloop.com/
S.F. County Special Education,San Francisco,94116,https://www.cde.ca.gov/schooldirectory/details?cdscode=38103896069561
Westborough Middle,South San Francisco,94080,https://wms.schoolloop.com/
Cooper (Sarah B.) Children Center,San Francisco,94133,https://www.cde.ca.gov/schooldirectory/details?cdscode=38684780117507
Valley View Middle,Simi Valley,93063,https://www.vvms.simivalleyusd.org/
Hardy Elementary,San Diego,92115,https://hardy.sandiegounified.org/
Valley View Elementary,Lancaster,93536,https://www.westside.k12.ca.us/vv
Barbara Benson Elementary,Tustin,92780,https://www.tustin.k12.ca.us/benson
Tierra Buena Elementary,Yuba City,95993,https://tierra.ycusd.org/
Jerabek Elementary,San Diego,92131,https://jerabek.sandiegounified.org/
Valley Atwater Community,Atwater,95301,https://www.mcoe.org/deptprog/edservices/students/Valley/Pages/Valley-Atwater-.aspx
Scandia Elementary,Travis AFB,94535,https://www.travisusd.org/scandia
Thompson Elementary,Highland,92346,https://www.greatschools.org/california/highland/5302-Thompson-Elementary-School/
Inverness Elementary,Inverness,94937,https://www.cde.ca.gov/SchoolDirectory/details?cdscode=21733616024947
Silver Valley Academy,Daggett,92327,http://aec.svusdk12.net/education_programs__classes/silver_valley_academy
Cyrus J. Morris Elementary,Walnut,91789,https://cjmorris.wvusd.k12.ca.us/
La Vista Center,Fair Oaks,95628,https://www.sanjuan.edu/lavista
Sierra High (Continuation),Truckee,96161,https://www.ttusd.org/sierrahigh
Hearthstone School,Oroville,95965,https://www.hearthstoneschool.net/
Sunset Elementary,San Ysidro,92173,https://www.sysdschools.org/sunset
Strathmore Community Day,Strathmore,93267,https://www.cde.ca.gov/schooldirectory/details?cdscode=54721576120646
Westwood Elementary,Santa Clara,95050,https://wes-scusd-ca.schoolloop.com/
Cherokee Point Elementary,San Diego,92105,https://cherokeepoint.sandiegounified.org/
Alamosa Park Elementary,Oceanside,92057,https://ape.vistausd.org/
Eagle Summit Community Day,Phelan,92371,https://escd.snowlineschools.com/
Bonita Vista Middle,Chula Vista,91910,http://bvm.sweetwaterschools.org/
Bayside STEAM Academy,Imperial Beach,91932,https://www.sbusd.org/bayside
James Foster Elementary,Saugus,91350,https://foster.saugususd.org/
Lassen County Special Education,Susanville,96130,http://www.lassencprplus.com/
Kennedy Elementary,Stockton,95210,https://www.stocktonusd.net/Kennedy
John Cabrillo Elementary,Sacramento,95822,https://www.scusd.edu/school/john-cabrillo
Serrano Middle,Highland,92346,https://serrano.sbcusd.com/
Roosevelt Middle,San Francisco,94118,https://www.sfusd.edu/school/roosevelt-middle-school
Washington Academic Middle,Sanger,93657,https://washington.sanger.k12.ca.us/
Foothill High,Palo Cedro,96073,http://www.foothillcougars.com/
Carl Harvey Elementary,Santa Ana,92704,https://www.sausd.us/harvey
Del Sur Senior Elementary,Lancaster,93536,http://www.westside.k12.ca.us/ds
Bonita Vista Senior High,Chula Vista,91913,http://bvh.sweetwaterschools.org/
Cesar Chavez Community,Woodland,95695,https://www.cde.ca.gov/SchoolDirectory/details?cdscode=57105790113787
Sulphur Springs Community Elementary,Canyon Country,91387,https://www.sssd.k12.ca.us/SulphurSprings
North Tahoe High,Tahoe City,96145,https://www.ttusd.org/northtahoehigh
Hill Creek Elementary,Santee,92071,https://hc.santeesd.net/
Tahoe Lake Elementary,Tahoe City,96145,https://www.ttusd.org/tahoelake
San Pedro Elementary,San Rafael,94901,https://sp-srcs-ca.schoolloop.com/
Walter F. Dexter Middle,Whittier,90601,https://dexter.whittiercity.net/
Kings Beach Elementary,Kings Beach,96143,https://www.ttusd.org/kingsbeach
Mountain View High,San Jacinto,92582,https://mvhs.sanjacinto.k12.ca.us/
Evergreen Elementary,Diamond Bar,91765,https://www.evergreeneagles.org/
Trinidad Union,Trinidad,95570,https://www.trinidadusd.net/
Ukiah High,Ukiah,95482,https://www.ukiahhigh.uusd.net/
Monte Verde Elementary,San Bruno,94066,https://monteverde-ssfusd-ca.schoolloop.com/
Hollingworth Elementary,West Covina,91792,https://www.hollingworthschool.org/
California Avenue Elementary,Vista,92083,http://www.ca.vistausd.org/
John Adams Elementary,Torrance,90501,https://www.tusd.org/schools/adams
Gale Ranch Middle,San Ramon,94582,https://grms.schoolloop.com/
Bert M. Lynn Middle,Torrance,90503,http://bertlynn.tusd.org/
Ada Clegg Elementary,Huntington Beach,92647,https://clegg.wsdk8.us/
Arrowview Middle,San Bernardino,92405,https://arrowview.sbcusd.com/
Victory Elementary,Stockton,95203,https://www.stocktonusd.net/Victory
Morro Bay High,Morro Bay,93442,https://mbhs.slcusd.org/
Washington Elementary,San Leandro,94577,https://www.slusd.us/washington/
El Camino High,South San Francisco,94080,https://echs.schoolloop.com/
Fiddyment Farm,Roseville,95747,https://www.lennar.com/new-homes/california/sacramento/promo/LSCLEN_Fiddyment_Farm
Yreka Community Day,Yreka,96097,https://www.yrekausd.net/
Sierra County Special Education,Loyalton,96118,https://sierracountyofficeofeducation.org/SPJUSD/
Peninsula High,San Bruno,94066,https://www.smuhsd.org/peninsulahigh
Round Valley Elementary,Bishop,93514,https://rvjesd-ca.schoolloop.com/
Park View Elementary,Simi Valley,93065,https://www.parkview.simivalleyusd.org/
Hollow Hills Elementary,Simi Valley,93065,https://hhes-simi-ca.schoolloop.com/
Irvine Adult Transition Programs,Irvine,92604,https://iatp.iusd.org/
Monte Vista Middle,Whittier,90604,https://www.greatschools.org/california/whittier/2951-Monte-Vista-Middle-School/
Kimbark Elementary,San Bernardino,92407,https://kimbark.sbcusd.com/
Alta Vista Elementary,Los Gatos,95032,https://altavista.unionsd.org/
Albert F. Biella Elementary,Santa Rosa,95401,https://abes-santarosa-ca.schoolloop.com/
Taft Middle,San Diego,92123,https://taft.sandiegounified.org/
Lowell Elementary,San Jose,95112,https://lowell.sjusd.org/
West Sacramento School for Independent Study,West Sacramento,95691,https://www.cde.ca.gov/SchoolDirectory/details?cdscode=57726945730080
Leataata Floyd Elementary,Sacramento,95818,https://leataata.scusd.edu/
TRACE,San Diego,92108,https://trace.sandiegounified.org/
Community Day,Sanger,93657,https://communityday.sanger.k12.ca.us/
Hannalei Elementary,Vista,92083,http://www.han.vistausd.org/
Walnut Elementary,Walnut,91789,https://walnutelementary.wvusd.k12.ca.us/
Del Rey Elementary,San Lorenzo,94580,https://del.slzusd.org/
Ross Elementary,Ross,94957,https://www.rossbears.org/
Giano Intermediate,West Covina,91792,https://www.gianoschool.org/
Twin Hills Charter Middle,Sebastopol,95472,https://charter-thusd-ca.schoolloop.com/
Shoreline Special Education Pre-School,Tomales,94971,https://www.cde.ca.gov/SchoolDirectory/details?cdscode=21733610129510
Rose Ferrero Elementary,Soledad,93960,https://www.cde.ca.gov/schooldirectory/details?cdscode=27754406118756
Triple Crown Elementary,Perris,92571,https://triplecrown.valverde.edu/
Salida Elementary,Salida,95368,http://salida.k12.ca.us/
McNair Camp,Lancaster,93536,https://locator.lacounty.gov/lac/Location/3176811/camp-ronald-mcnair
John F. Kennedy Elementary,Santa Ana,92705,https://www.sausd.us/kennedy
Mission Meadows Elementary,Oceanside,92056,http://www.mm.vistausd.org/
Don Pedro High,La Grange,95329,https://www.bofg.org/schools/don-pedro/
Del Vallejo Middle,San Bernardino,92404,https://delvallejo.sbcusd.com/
Greentree Elementary,Irvine,92604,https://greentree.iusd.org/
Santa Cruz City Elementary Alternative Education-Monarch,Santa Cruz,95062,http://sccsbssc.ss8.sharpschool.com/schools/monarch
San Andreas Continuation High,Hollister,95023,https://www.cde.ca.gov/schooldirectory/details?cdscode=35675383530029
Mineral King Elementary,Visalia,93292,https://www.vusd.org/mineralking
Thomas Edison Language Institute K-8,Sacramento,95864,https://www.sanjuan.edu/edison
Charles Helmers Elementary,Valencia,91354,https://charleshelmers.saugususd.org/
Calaveras River Academy,San Andreas,95249,https://www.ccoe.k12.ca.us/apps/pages/index.jsp?uREC_ID=1092274&type=d&pREC_ID=1377166
Pacific High,Ventura,93003,https://www.venturausd.org/pacific/Home.aspx
Marshall Elementary,San Diego,92105,https://www.greatschools.org/california/san-diego/6194-Marshall-Elementary-School/
Creekside Elementary,Danville,94506,https://ces-srvusd-ca.schoolloop.com/
Spencer Valley Elementary,Santa Ysabel,92070,http://www.svesd.net/
Venetia Valley K-8,San Rafael,94903,https://vv-srcs-ca.schoolloop.com/
Tomas Rivera Middle,Perris,92570,https://tomasrivera.valverde.edu/
Louis Pasteur Fundamental Middle,Orangevale,95662,https://www.sanjuan.edu/pasteur
West Palms Conservatory,Victorville,92392,http://westpalms.vesd.net/
Aromas,Aromas,95004,https://en.wikipedia.org/wiki/Aromas
Sierra Preparatory Academy,Santa Ana,92705,https://www.sausd.us/sierra
Adams Elementary,Stockton,95207,https://www.stocktonusd.net/Adams
Will Rogers Middle,Fair Oaks,95628,https://www.sanjuan.edu/rogers
Joli Ann Leichtag Elementary,Vista,92081,https://joliannelementary.smusd.org/
Hickory Elementary,Torrance,90505,http://hickory.tusd.org/
Shasta Elementary,Shasta,96087,https://shasta.reddingschools.net/
Roger Anton Elementary,San Bernardino,92404,https://anton.sbcusd.com/
Glen Park Elementary,San Francisco,94131,https://www.sfusd.edu/school/glen-park-elementary-school
Early Childhood Education Center,Whittier,90606,https://www.cde.ca.gov/SchoolDirectory/details?cdscode=19651100139600
Rooftop Elementary,San Francisco,94131,https://rooftopk8.org/
Doyle Elementary,San Diego,92122,https://doyle.sandiegounified.org/
Downieville Elementary,Downieville,95936,https://www.cde.ca.gov/SchoolDirectory/details?cdscode=46701776050611
Osprey Learning Center (Alternative),Miranda,95553,https://www.cde.ca.gov/schooldirectory/details?cdscode=12630401230069
Pioneer High,San Jose,95118,https://pioneer.sjusd.org/
Cappy Culver Elementary,Paso Robles,93446,https://www.greatschools.org/california/paso-robles/16857-Cappy-Culver-Elementary-School/
Wolfskill High,Winters,95694,https://www.cde.ca.gov/SchoolDirectory/details?cdscode=57727025730049
Pershing Elementary,Orangevale,95662,https://www.sanjuan.edu/pershing
Walker Elementary,Santa Ana,92701,https://www.sausd.us/walker
Pacific Elementary,Sacramento,95824,https://www.scusd.edu/school/pacific
San Marcos High,San Marcos,92078,https://sanmarcoshigh.smusd.org/
Del Rey Elementary,Victorville,92395,http://delrey.vesd.net/
Hunt Elementary,San Bernardino,92404,https://hunt.sbcusd.com/
Bolsa Knolls Middle,Salinas,93906,https://bolsa-knolls.santaritaschools.org/
Washington Manor Middle,San Leandro,94579,https://wms.slzusd.org/
Oak Avenue Intermediate,Temple City,91780,https://oak.tcusd.net/
Evergreen Elementary,West Sacramento,95691,https://www.greatschools.org/california/west-sacramento/25119-Evergreen-Elementary-School/
San Andreas High,Highland,92346,https://sanandreas.sbcusd.com/
South Bay Charter,Eureka,95503,https://www.southbayusd.org/o/sbc
San Bernardino City Community Day,San Bernardino,92410,https://www.sbcusd.com/district_offices/student_services/specialized_programs/sbcusd_community_day_schools
Somerset Middle,Modesto,95350,https://somersetms.sylvan.k12.ca.us/
Wilson Elementary,Petaluma,94952,https://wilsonschoolpetaluma.org/content/
Garfield High,San Diego,92101,https://garfieldhigh.sandiegounified.org/
Monterey Elementary,San Bernardino,92410,https://monterey.sbcusd.com/
San Ramon Valley High,Danville,94526,https://srvhs.schoolloop.com/
Washington Elementary,Sacramento,95814,https://washington.scusd.edu/
El Toro High,Lake Forest,92630,https://www.svusd.org/schools/high-schools/el-toro
Webster Elementary,Malibu,90265,https://www.smmusd.org/webster
Faller Elementary,Ridgecrest,93555,http://faller.ssusd.org/
Vista High,Vista,92084,https://vhs.vistausd.org/
Dan Jacobs,Woodland,95776,https://www.cde.ca.gov/schooldirectory/details?cdscode=57105795730106
Foster Elementary,San Diego,92120,https://foster.sandiegounified.org/
Sonora High,Sonora,95370,http://sonorahs.k12.ca.us/shs/
Canyon View Elementary,Irvine,92620,https://canyonview.iusd.org/
Carrillo Elementary,Carlsbad,92009,https://carrilloelementary.smusd.org/
Goshen Elementary,Visalia,93291,https://www.vusd.org/goshen
Hazelton Elementary,Stockton,95206,https://www.stocktonusd.net/Hazelton
Community School/Independent Alternative Education,San Bernardino,92415,https://www.cde.ca.gov/SchoolDirectory/details?cdscode=36103630107466
Shaffer Elementary,Litchfield,96117,http://www.shafferschool.com/
Mountain View Elementary,Visalia,93277,https://www.vusd.org/mountainview
La Costa Canyon High,Encinitas,92009,https://lc.sduhsd.net/
Lakeshore Alternative Elementary,San Francisco,94132,https://www.sfusd.edu/school/lakeshore-alternative-elementary-school
John Muir Middle,San Jose,95118,https://muir.sjusd.org/
Crestview Elementary,Simi Valley,93065,https://ces-simi-ca.schoolloop.com/
Galileo Academy 101,Victorville,92395,http://galileo.vesd.net/
Mission Oak High,Tulare,93274,https://mohs.tjuhsd.org/
Manuel F. Hernandez,Visalia,93291,https://www.vusd.org/Domain/428
Rollingwood Elementary,San Bruno,94066,https://www.sbpsd.org/rollingwood
Mesa Verde High,Citrus Heights,95621,https://www.sanjuan.edu/mesaverde
Afflerbaugh-Paige Camp,La Verne,91750,https://www.cde.ca.gov/SchoolDirectory/details?cdscode=19101990121921
Gavilan View Middle,Salinas,93906,https://gavilan-view.santaritaschools.org/
Waggoner Elementary,Winters,95694,https://wes-wintersjusd-ca.schoolloop.com/
Monte Vista Middle,San Jacinto,92583,https://mvms.sanjacinto.k12.ca.us/
Memorial Scholars & Athletes,San Diego,92113,https://www.cde.ca.gov/SchoolDirectory/details?cdscode=37683380117333
Manuel Esqueda Elementary,Santa Ana,92707,https://www.sausd.us/esqueda
Carmichael (Bessie)/FEC,San Francisco,94103,https://www.sfusd.edu/school/bessie-carmichael-school-prek-8-filipino-education-center
Crossroads Elementary,Riverbank,95367,https://crossroadses.sylvan.k12.ca.us/
Selma Independent,Selma,93662,https://www.selmausd.org/independent
Learning Post High (Alternative),Santa Clarita,91355,https://www.learningpostacademy.org/
Alamo Elementary,Vacaville,95688,https://alamo.schoolloop.com/
Victor Elementary,Torrance,90503,https://www.tusd.org/schools/victor
Summerville High,Tuolumne,95379,https://www.summbears.net/
Arrowhead Elementary,San Bernardino,92405,https://arrowhead.sbcusd.com/
Trinity County Community,Weaverville,96093,http://www.tcrcd.net/
Pershing Middle,San Diego,92119,https://pershing.sandiegounified.org/
Plum Canyon Elementary,Saugus,91350,https://plumcanyon.saugususd.org/
Heritage Elementary,Tustin,92782,https://www.tustin.k12.ca.us/heritage
Winters Middle,Winters,95694,https://wms-wintersjusd-ca.schoolloop.com/
Kings County SELPA Preschool,Hanford,93230,https://www.cde.ca.gov/SchoolDirectory/details?cdscode=16101650121434
Ventura County Special Education,Camarillo,93012,https://www.vcoe.org/sped
North Tahoe,Tahoe City,96145,https://www.placer.ca.gov/3462/North-Lake-Tahoe
Lincoln Crossing Elementary,Lincoln,95648,http://lces.wpusd.org/
Monroe Elementary,Santa Ana,92707,https://www.sausd.us/monroe
North High,Torrance,90504,http://www.northhighschool.org/
Elmhurst Elementary,Ventura,93003,https://www.venturausd.org/elmhurst/Home.aspx
Melinda Heights Elementary,Rancho Santa Margarita,92688,https://www.svusd.org/schools/elementary-m-z/melinda-heights
Parkside Elementary,San Bernardino,92404,https://parkside.sbcusd.com/
Dr. Mildred Dalton Henry Elementary,San Bernardino,92411,https://henry.sbcusd.com/
Bollinger Canyon Elementary,San Ramon,94583,https://bces-srvusd-ca.schoolloop.com/
Pinetree Community Elementary,Canyon Country,91387,https://www.sssd.k12.ca.us/Pinetree
Menlo-Atherton High,Atherton,94025,https://www.mabears.org/
Hillcrest at Youth Services Center,San Mateo,94402,https://www.cde.ca.gov/schooldirectory/details?cdscode=41104134130076
Pinon Mesa Middle,Phelan,92329,https://pmms.snowlineschools.com/
Bracher Elementary,Santa Clara,95051,https://bracher.schoolloop.com/
West Park Elementary,Fresno,93706,https://www.westpark.k12.ca.us/
Nelson Avenue Middle,Oroville,95965,https://www.thermalito.org/nelsonavenuemiddle
Happy Camp High,Happy Camp,96039,https://www.happycamp-highschool.com/
Pine Valley Middle,San Ramon,94583,https://pvms.schoolloop.com/
Andrew Jackson Elementary,Santa Ana,92704,https://www.sausd.us/jackson
Pacific Trails Middle,San Diego,92130,https://pt.sduhsd.net/
Meairs Elementary,Garden Grove,92844,https://meairs.wsdk8.us/
Carver (George Washington) Elementary,San Francisco,94124,https://www.sfusd.edu/school/dr-george-washington-carver-elementary-school
Wheatland Charter Academy,Beale AFB,95903,https://charter.wheatlandsd.com/
Opportunity Youth Academy,San Jose,95131,https://www.sccoe.org/depts/students/oya/Pages/default.aspx
Vista Magnet Middle School of Technology Science and Math,Vista,92084,http://www.vmms.vistausd.org/
Balboa High,San Francisco,94112,https://www.sfusd.edu/school/balboa-high-school
Alamo Elementary,Alamo,94507,https://aes-srvusd-ca.schoolloop.com/
Redwood High,Larkspur,94939,https://www.tamdistrict.org/redwood
Stanislaus County Special Education,Modesto,95351,https://www.stancoe.org/division/special-education
Big Springs Elementary,Simi Valley,93063,https://www.bigsprings.simivalleyusd.org/
Mendocino County Community,Ukiah,95482,http://www.communityfound.org/
