O. J. Actis Junior High,Bakersfield,93309,https://www.greatschools.org/california/bakersfield/1328-O.-J.-Actis-Junior-High-School/
J. Marion Roynon Elementary,La Verne,91750,https://ro.bonita.k12.ca.us/
Redding School of the Arts,Redding,96003,http://www.rsarts.org/
Whitmore Charter School of Art & Technology,Ceres,95307,https://wcs.ceres.k12.ca.us/
Las Flores Elementary,Rancho Santa Margarita,92688,https://lfes-capousd-ca.schoolloop.com/
Liberty Elementary,Fresno,93720,https://liberty.cusd.com/
Big Bear Elementary,Big Bear Lake,92315,https://bbes.bearvalleyusd.org/
Sycamore Elementary,Claremont,91711,https://syc-claremont-ca.schoolloop.com/
Alliance College-Ready Middle Academy 5,Los Angeles,90031,https://www.acrma5.org/
Animo Westside Charter Middle,Los Angeles,90066,https://ca.greendot.org/westside/
Russo/McEntee Academy,San Jose,95127,https://russomcentee.arusd.org/
Alliance College-Ready Middle Academy 12,Los Angeles,90011,https://www.crma12.org/
Phoenix Charter Academy,Redding,96002,https://www.ourpca.org/
Rios Elementary,El Cajon,92021,https://www.cajonvalley.net/rios
Roosevelt Elementary,Burlingame,94010,https://re-bsd-ca.schoolloop.com/
Gompers Preparatory Academy,San Diego,92102,http://www.gompersprep.org/
Monterey High (Continuation),Burbank,91506,https://www.burbankusd.org/mhs
Oxford Day Academy,East Palo Alto,94303,https://oxforddayacademy.org/
Alliance Morgan McKinzie High,Los Angeles,90063,https://www.mckinziehs.org/
Blake Elementary,Woody,93287,http://blakesd.org/
Learning for Life Charter,Marina,93933,https://lflcs.org/
Mojave River Academy - National Trails,Colton,92324,http://mojaveriver.net/
Blanche Charles Elementary,Calexico,92231,https://bc.cusdk12.org/
Olivet Elementary Charter,Santa Rosa,95401,http://www.olivet.pousd.org/
Larchmont Charter,West Hollywood,90046,https://www.larchmontcharter.org/
Granite Mountain Charter,Lucerne Valley,92356,https://granitemountainschool.com/
Big Pine High,Big Pine,93513,https://www.bigpineschools.org/pf4/cms2/view_page?d=x&group_id=1593846675910&vdid=i8126oc2j7y4l2te
Nesbit Elementary,Belmont,94002,https://nes-brssd-ca.schoolloop.com/
Parkview Middle,Armona,93202,https://pv.auesd.com/
Mabel L. Pendleton Elementary,Buena Park,90621,https://pendleton.bpsd.us/
Elite Academic Academy - Adult Work Force Investment,Temecula,92590,https://www.eliteacademic.com/
Horace Mann Elementary,Beverly Hills,90211,https://hm.bhusd.org/
Aspen Valley Prep Academy,Fresno,93705,https://valley.aspenps.org/
Oak Creek Intermediate,Oakhurst,93644,http://oakcreekintermediate.weebly.com/
Trivium Charter School Voyage,Santa Barbara,93110,https://www.triviumcharter.org/
Skyline North Elementary,Barstow,92311,https://www.barstow.k12.ca.us/Skyline
REACH,Sebastopol,95472,http://reach-program.com/
Magnolia Science Academy 2,Van Nuys,91406,https://msa2.magnoliapublicschools.org/
Vista del Mar Elementary,San Clemente,92673,https://vdmes-capousd-ca.schoolloop.com/
ICEF Inglewood Elementary Charter Academy,Inglewood,90301,https://iies.icefps.org/
Paragon Collegiate Academy,Marysville,95901,https://pca-k12-pt.schoolloop.com/
Allan Orrenmaa Elementary,Riverside,92503,https://www.alvordschools.org/orrenmaa
City Language Immersion Charter,Los Angeles,90019,https://citycharterschools.org/CLIC/
Ventura Charter School of Arts and Global Education,Ventura,93001,https://www.venturacharterschool.org/
Harriet Tubman Village Charter,San Diego,92115,https://www.tubmancharter.org/
Unity Middle College High,Orange,92868,http://www.unitymchs.com/
Ysmael Villegas Middle,Riverside,92503,https://www.alvordschools.org/Villegas
Sycamore Creek Community Charter,Huntington Beach,92647,https://sycamorecreekcharter.org/
Vinci Park Elementary,San Jose,95131,https://vinci.berryessa.k12.ca.us/
Vista Oaks Charter,Lodi,95242,https://www.vistaoaks.net/
John F. Kennedy High,La Palma,90623,https://kennedy.auhsd.us/
Vallecito Continuation High,Altaville,95221,https://vhs-bhuhsd-ca.schoolloop.com/
KIPP Ignite Academy,Los Angeles,90002,https://www.kipp.org/school/kipp-ignite-academy/
Rafer Johnson,Bakersfield,93304,https://seal.bcsd.com/
Compton Junior High,Bakersfield,93306,https://compton.bcsd.com/
Ruben S. Ayala High,Chino Hills,91709,https://www.chino.k12.ca.us/ayala
San Marino Elementary,Buena Park,90620,https://sm.cesd.k12.ca.us/
Entrepreneur High,Highland,92346,https://ehs.realjourney.org/
Lemoore Online College Preparatory High,Lemoore,93245,https://www.luhsd.k12.ca.us/lemooreonline
Ernie Pyle Elementary,Bellflower,90706,https://www.busd.k12.ca.us/erniepyleelementary
Azusa High,Azusa,91702,https://www.azusa.org/Domain/21
Cottonwood,El Dorado Hills,95762,https://cottonwood.school/
Theodore Roosevelt Elementary,Burbank,91505,https://www.burbankusd.org/tres
Clear View,Chula Vista,91910,http://schools.cvesd.org/schools/clearview/Pages/default.aspx
Sartorette Charter,San Jose,95124,https://www.cambriansd.org/sartorette
J. W. Oakley Elementary,Brawley,92227,https://besdoakley.sharpschool.net/
Providencia Elementary,Burbank,91505,https://www.burbankusd.org/pes
Brea Canyon High (Continuation),Brea,92821,https://breacanyon.bousd.us/
Aileen Colburn Elementary,Atwater,95301,https://www.aileencolburn.school/
Oak Hill Elementary,Antelope,95843,https://oakhill.centerusd.org/
Stephens Elementary,Chowchilla,93610,https://www.chowchillaelem.k12.ca.us/domain/190
iQ Academy California-Los Angeles,Simi Valley,93065,https://losangeles.iqacademy.com/
Analy High,Sebastopol,95472,https://www.wscuhsd.org/o/analy/
Cragmont Elementary,Berkeley,94708,https://www.cragmont.org/
Ingenium Charter Middle,Winnetka,91306,https://ingeniumschools.org/icms/
Harvest Ridge Cooperative Charter,Newcastle,95658,https://www.harvestridgeschool.org/
Aspire ERES Academy,Oakland,94601,https://aspirepublicschools.org/locations/bay-area/aspire-eres-academy/
West Sonoma County Consortium School,Sebastopol,95472,https://www.wscuhsd.org/o/wscuhsd/page/west-county-consortium
Nueva Vista Continuation High,La Puente,91746,https://nvhs.bassettusd.org/
Albert Einstein Academy Charter Elementary,San Diego,92102,https://aeaces.org/
Camarena (Enrique S.) Elementary,Chula Vista,91915,http://schools.cvesd.org/schools/camarena/Pages/default.aspx
Stanton Elementary,Castro Valley,94546,https://stanton.cv.k12.ca.us/
Ramona Elementary,Bellflower,90706,https://www.busd.k12.ca.us/ramonaelementary
The Academy of Alameda Elementary,Alameda,94501,https://aoaschools.org/
Katella High,Anaheim,92806,https://katella.auhsd.us/
Mokelumne Hill Elementary,Mokelumne Hill,95245,http://mhe.custudents.net/
Coyote Canyon Elementary,Rancho Cucamonga,91730,https://cces-csd-ca.schoolloop.com/
Monarch River Academy,Porterville,93257,https://monarchriveracademy.org/
Buena Terra Elementary,Buena Park,90620,https://bt.cesd.k12.ca.us/
North Park Continuation High,Baldwin Park,91706,https://nphs.bpusd.net/
Taylor Mountain Elementary,Santa Rosa,95407,https://www.busd.org/taylormountain
High Tech LA Middle,Van Nuys,91411,https://www.htla-ms.org/about-us
Olive Grove Charter - Orcutt/Santa Maria,Orcutt,93455,https://olivegrovecharter.org/locations/orcutt-santa-maria/
Escuela Popular/Center for Training and Careers Family Lrng,San Jose,95127,http://www.escuelapopular.org/
Baldwin Stocker Elementary,Arcadia,91007,https://bs.ausd.net/
Capistrano Valley High,Mission Viejo,92692,https://www.cvhs.com/
Dallas Ranch Middle,Antioch,94531,https://www.antiochschools.net/drms
New Horizon High,Banning,92220,https://newhorizons.banning.k12.ca.us/
Arovista Elementary,Brea,92821,https://arovista.bousd.us/
one.Charter,Stockton,95206,https://www.sjcoe.org/onecharter/
Golden Valley Tahoe,Truckee,96161,https://www.tahoeschool.goldenvalleycharter.org/
Walt Disney Elementary,Burbank,91506,https://www.burbankusd.org/wdes
Oak Valley Elementary,Buellton,93427,http://www.oakvalleyelem.org/
CORE Charter,Marysville,95901,https://www.corecharter.org/
Oakland School for the Arts,Oakland,94612,https://www.oakarts.org/
Emma Wilson Elementary,Chico,95926,http://emmawilson.chicousd.org/
Don Juan Avila Middle,Aliso Viejo,92656,https://djams-capousd-ca.schoolloop.com/
Mariposa Elementary,Brea,92821,https://mariposa.bousd.us/
iLead Agua Dulce,Agua Dulce,91390,https://ileadaguadulce.org/
Central Elementary,Belmont,94002,https://central.brssd.org/
Fred Ekstrand Elementary,San Dimas,91773,https://ek.bonita.k12.ca.us/
Crown Preparatory Academy,Los Angeles,90018,http://www.crownprep.org/
Marigold Elementary,Chico,95926,http://marigold.chicousd.org/
Loma Verde Elementary,Chula Vista,91911,http://schools.cvesd.org/schools/lomaverde/Pages/default.aspx
Wood Canyon Elementary,Aliso Viejo,92656,https://wces-capousd-ca.schoolloop.com/
Carpinteria Senior High,Carpinteria,93013,https://chs.cusd.net/
Caswell Elementary,Ceres,95307,https://caswell.ceres.k12.ca.us/
EastLake Elementary,Chula Vista,91913,http://schools.cvesd.org/schools/eastlake/Pages/default.aspx
Achieve Academy,Oakland,94621,https://www.efcps.org/achieve-academy
McKinley Elementary,Bakersfield,93304,https://mckinley.bcsd.com/
Valley International Preparatory High,Chatsworth,91311,https://www.viphs.org/
Grace Smith Elementary,Niland,92257,https://gss.calipatriahornets.org/
Montclair High,Montclair,91763,https://mhs.cjuhsd.net/
Jack London Elementary,Antioch,94531,https://www.antiochschools.net/jacklondon
Carlsbad Village Academy,Carlsbad,92008,https://cva.schoolloop.com/
Redwood Preparatory Charter,Fortuna,95540,https://www.redwoodprep.org/
M. Robert Adkison Elementary,Modesto,95351,https://adkison.ceres.k12.ca.us/
Manzanita Middle,Richmond,94804,https://manzy.org/
Dr. Juliet Thorner Elementary,Bakersfield,93306,https://thorner.bcsd.com/
McManus (John A.) Elementary,Chico,95926,http://mcmanus.chicousd.org/
Leadership Public Schools: Richmond,Richmond,94801,https://www.leadps.org/richmond/
Ruby Bridges Elementary,Alameda,94501,https://rubybridges-alamedausd-ca.schoolloop.com/
Newhart Middle,Mission Viejo,92692,https://newhart.schoolloop.com/
Bud Rank Elementary,Clovis,93619,https://budrank.cusd.com/
A. J. Dorsa Elementary,San Jose,95122,https://dorsa.arusd.org/
Thomas Jefferson Elementary,Burbank,91504,https://www.burbankusd.org/tjes
MIT Griffin Academy Middle,Vallejo,94589,https://griffinacademies.org/
Caliber: Beta Academy,Richmond,94804,http://www.caliberbetaacademy.org/
Sonoma Charter,Sonoma,95476,https://www.sonomacharterschool.org/
Tree of Life International Charter,Anderson,96007,https://treeoflife.school/
Julian Charter,Julian,92036,https://www.jcs-inc.org/
Valley Vista Elementary,Bonita,91902,http://schools.cvesd.org/schools/valleyvista/Pages/default.aspx
Brittan Elementary,Sutter,95982,https://www.brittan.k12.ca.us/
Oxford Academy,Cypress,90630,https://oxford.auhsd.us/
Hoover Elementary,Burlingame,94010,https://hoover-bsd-ca.schoolloop.com/
Veterans Elementary,Chula Vista,91913,http://schools.cvesd.org/schools/veterans/Pages/default.aspx
Old Town Academy K-8 Charter,San Diego,92110,https://www.oldtownacademy.org/
North Country Elementary,Antelope,95843,https://northcountry.centerusd.org/
Arcadia High,Arcadia,91007,https://ahs.ausd.net/
Samuel Vaughn Elementary,Ceres,95307,https://sv.ceres.k12.ca.us/
Badillo Elementary,Covina,91724,https://www.cousd.net/badillo
Vineyard Junior High,Alta Loma,91737,https://www.alsd.k12.ca.us/vineyard
Washington Middle,Bakersfield,93305,https://washington.bcsd.com/
Downtown Elementary,Bakersfield,93301,https://downtown.bcsd.com/
Stella Middle Charter Academy,Los Angeles,90008,https://www.brightstarschools.org/SMCA
Pacoima Charter Elementary,Pacoima,91331,https://www.pacoimacharter.org/
Garin Elementary,Brentwood,94513,https://ges-brentwood-ca.schoolloop.com/
Horizon Charter,Lincoln,95648,https://www.horizoncharterschools.org/lincoln/
Urban Montessori Charter,Oakland,94619,http://www.urbanmontessori.org/
Oakland Unity High,Oakland,94605,https://www.unityhigh.org/
Clovis High,Clovis,93611,https://chs.cusd.com/
Alain Leroy Locke College Preparatory Academy,Los Angeles,90061,https://ca.greendot.org/locke/
Forest Ranch Charter,Forest Ranch,95942,http://www.forestranchcharter.org/
High Tech High Chula Vista,Chula Vista,91915,https://www.hightechhigh.org/hthcv/
Temperance-Kutner Elementary,Fresno,93727,https://tk.cusd.com/
Wasuma Elementary,Ahwahnee,93601,https://www.basslakeschooldistrict.com/domain/20
University Preparatory,Redding,96001,http://www.uprep.net/
Puente Charter,Los Angeles,90033,https://www.puente.org/
Don Pedro Elementary,Ceres,95307,https://dp.ceres.k12.ca.us/
Clyde L. Fischer Middle,San Jose,95122,https://fischer.arusd.org/
Desert Valley High (Continuation),Brawley,92227,https://www.brawleyhigh.org/dvhs
Central High East Campus,Fresno,93722,https://chs.centralunified.org/
Paloma Creek High,Atascadero,93422,https://sites.google.com/atasusd.org/atascadero-usd-alt-ed/pchs/paloma-creek-high-school-information
Vista Square Elementary,Chula Vista,91910,http://schools.cvesd.org/schools/vistasquare/Pages/Home.aspx
Connect Community Charter,Redwood City,94063,https://www.connectrwc.org/
Empower Generations,Lancaster,93535,https://empowergenerations.org/
Sierra Foothill Charter,Catheys Valley,95306,http://sierrafoothillcharterschool.org/
Ross (Betsy) Elementary,Anaheim,92802,https://anaheimelementary.org/ross/
Community Outreach Academy,McClellan,95652,https://www.outreachacademy.org/
Jerry D. Holland Middle,Baldwin Park,91706,https://holland.bpusd.net/
STREAM Charter,Oroville,95965,https://www.streamcharterschool.org/
Reyburn Intermediate,Clovis,93611,https://rec.cusd.com/reyburnintermediate_home.aspx
Aspire Ollin University Preparatory Academy,Huntington Park,90255,https://aspirepublicschools.org/locations/los-angeles/aspire-ollin-university-preparatory-academy/
ICEF Vista Middle Academy,Los Angeles,90066,https://ivms.icefps.org/
Kastner Intermediate,Fresno,93720,https://kastner.cusd.com/
Conservatory of Vocal/Instrumental Arts High,Oakland,94619,https://www.covaconservatory.org/
Big Valley Elementary,Bieber,96009,http://www.bigvalleyschool.org/Schools/Big-Valley-Elementary-School/index.html
Otay Elementary,Chula Vista,91911,http://schools.cvesd.org/schools/otay/Pages/default.aspx
Silver Wing Elementary,San Diego,92154,http://schools.cvesd.org/schools/silverwing/Pages/Home.aspx
Northwood Elementary,San Jose,95132,https://northwood.berryessa.k12.ca.us/
Craig Williams Elementary,Lakewood,90712,https://www.busd.k12.ca.us/craigwilliamselementary
Alameda High,Alameda,94501,https://aus-alamedausd-ca.schoolloop.com/
Animo James B. Taylor Charter Middle,Los Angeles,90059,https://ca.greendot.org/taylor/
Virginia R. Boris Elementary,Fresno,93727,https://boris.cusd.com/
Integrity Charter,National City,91950,https://www.integritycharterschool.net/
Cucamonga Middle,Rancho Cucamonga,91730,https://rcms-cucamonga-ca.schoolloop.com/
Foothill Elementary,Riverside,92503,https://www.alvordschools.org/foothill
Cottonwood Creek Charter,Cottonwood,96022,https://cottonwoodcreekcharter.com/
Summit Public School K2,El Cerrito,94530,https://summitps.org/our-schools/summit-k2-el-cerrito-richmond/
Academy for Academic Excellence,Apple Valley,92307,http://aae.lewiscenter.org/
Animo Inglewood Charter High,Inglewood,90305,https://ca.greendot.org/inglewood/
Half Moon Bay High,Half Moon Bay,94019,https://hmbhs.cabrillo.k12.ca.us/
Banning Independent Study,Banning,92220,https://bis.banning.k12.ca.us/
Hardy Brown College Prep,San Bernardino,92410,https://www.hardybrowncollegeprep.org/
Alpha: Jose Hernandez,San Jose,95122,https://www.alphapublicschools.org/school/jose-hernandez/
Rock Creek Elementary,Auburn,95603,https://rockcreek.auburn.k12.ca.us/
Wildflower Open Classroom,Chico,95926,https://www.wildflowerschool.com/
East Bay Innovation Academy,Oakland,94605,https://eastbayia.org/
KIPP Summit Academy,San Lorenzo,94580,https://www.kipp.org/school/kipp-summit-academy/
Laurelglen Elementary,Bakersfield,93309,https://ca01902269.schoolwires.net/Laurelglen
Golden Eagle Charter,Mount Shasta,96067,https://gecs.org/
California Virtual Academy San Mateo,Simi Valley,93065,https://cava.k12.com/
Grant Elementary,Antioch,94531,https://www.antiochschools.net/mnogrant
Ivy Academia,West Hills,91304,https://www.iatk12.org/
Majestic Way Elementary,San Jose,95132,https://majestic.berryessa.k12.ca.us/
San Diego Cooperative Charter,San Diego,92111,https://lv.sdccs.org/
Live Oak High (Continuation),Antioch,94509,https://www.antiochschools.net/Domain/31
The New School of San Francisco,San Francisco,94107,https://www.newschoolsf.org/
Burroughs High,Burbank,91506,https://www.burbankusd.org/jbhs
Olivelands Elementary,Santa Paula,93060,https://www.briggsesd.org/olivelands
Canalino Elementary,Carpinteria,93013,https://cfs.cusd.net/
John Adams Academy - Lincoln,Lincoln,95648,https://lincoln.johnadamsacademy.org/
Valle del Sol Elementary,Coachella,92236,https://vds.cvusd.us/valle-del-sol-elementary
Madison Avenue Elementary,El Cajon,92019,https://www.cajonvalley.net/madison
Edward B. Cole Academy,Santa Ana,92701,https://www.ebcacademy.com/
Three Rings Ranch Elementary,Beaumont,92223,https://trr.beaumontusd.us/
Public Policy Charter,Los Angeles,90062,https://www.ppcs.school/
Carmel High,Carmel,93923,https://www.carmelunified.org/Page/1931
John Muir Charter,Nevada City,95959,http://www.johnmuircs.com/Contact-Us/
Village Charter,Santa Rosa,95401,http://www.villagecharterschool.com/
Aspire Vanguard College Preparatory Academy,Modesto,95351,https://aspirepublicschools.org/locations/central-valley/aspire-vanguard-college-preparatory-academy/
Reagan Elementary,Clovis,93619,https://reagan.cusd.com/
Big Lagoon Elementary,Trinidad,95570,https://www.biglagoon.org/
Cyril Spinelli Elementary,Antelope,95843,https://spinelli.centerusd.org/
Aspire Benjamin Holt Middle,Stockton,95212,https://aspirepublicschools.org/locations/central-valley/aspire-benjamin-holt-middle-school/
Alliance Ouchi-O'Donovan 6-12 Complex,Los Angeles,90043,https://www.ouchihs.org/
Alliance Marc & Eva Stern Math and Science,Los Angeles,90032,https://www.sternmass.org/
Libertas College Preparatory Charter,Los Angeles,90008,https://www.libertascollegeprep.org/
Magnolia Junior High,Chino,91710,https://www.chino.k12.ca.us/Magnolia
Lone Hill Middle,San Dimas,91773,https://www.lonehillms.com/
University Preparatory Academy Charter,San Jose,95125,http://www.upasv.org/
William J. (Pete) Knight High,Palmdale,93552,https://www.knightpalmdalehs.org/
PUC CALS Middle School and Early College High,Los Angeles,90041,https://www.pucschools.org/calsechs/
Willits Charter,Willits,95490,http://www.willitscharter.org/
Dozier-Libbey Medical High,Antioch,94531,https://www.antiochschools.net/Domain/28
PUC Nueva Esperanza Charter Academy,San Fernando,91340,https://www.pucschools.org/neca/
Montague Charter Academy,Pacoima,91331,https://www.montaguecharter.org/
Shasta View Academy,Redding,96003,https://shastaview.org/
Garvey/Allen Visual & Performing Arts Academy for STEM,Moreno Valley,92553,http://garveyallenacademy.com/
Granite Ridge Intermediate,Fresno,93730,https://cnec.cusd.com/graniteridgeintermediate_home.aspx
Sage Oak Charter - South,Redlands,92373,https://www.sageoak.education/
Maple Creek Elementary,Fresno,93720,https://maplecreek.cusd.com/
Pasadena Rosebud Academy,Altadena,91001,https://www.rosebudacademy.com/
Berkeley Arts Magnet at Whittier,Berkeley,94709,https://www.berkeleyartsmagnet.org/
Florida Street Discovery Center,Banning,92220,https://floridastreet.banning.k12.ca.us/
Wayside Elementary,Bakersfield,93307,https://wayside.bcsd.com/
Edna Hill Middle,Brentwood,94513,https://ehs-brentwood-ca.schoolloop.com/
Vannoy Elementary,Castro Valley,94546,https://vannoy.cv.k12.ca.us/
Live Oak Elementary,Castaic,91384,https://los.castaicusd.com/
Rosedale Elementary,Chico,95928,http://rosedale.chicousd.org/
Team Charter Academy,Stockton,95202,https://www.team-charter.org/
Clark Intermediate,Clovis,93612,https://clark.cusd.com/
Children's Community Charter,Chico,95926,https://paradisecccs.org/
Insight School of California,Simi Valley,93065,https://ca.insightschools.net/
Malcolm X Elementary,Berkeley,94703,https://www.malcolmxelementary.org/
Riverview Elementary,Fresno,93720,https://riverview.cusd.com/
Jefferson Elementary,Calexico,92231,https://jn.cusdk12.org/
Journey,Moreno Valley,92553,https://tjs.realjourney.org/
Guajome Learning Center,Vista,92083,https://www.guajome.net/glc
Charles G. Emery Elementary,Buena Park,90621,https://emery.bpsd.us/
Alliance Marine - Innovation and Technology 6-12 Complex,Sun Valley,91352,https://www.alliancemit.org/
Burnt Ranch Elementary,Burnt Ranch,95527,http://www.bresd.org/
Aspire APEX Academy,Stockton,95202,https://aspirepublicschools.org/locations/central-valley/aspire-apex-academy/
Lazear Charter Academy,Oakland,94601,https://www.efcps.org/lazear-charter-academy
Ronald Reagan Elementary,Chowchilla,93610,https://www.chowchillaelem.k12.ca.us/domain/189
Los Angeles College Prep Academy,Los Angeles,90042,https://www.lacpacademy.org/
Cameron Elementary,Barstow,92311,https://www.barstow.k12.ca.us/Cameron
Bay Area Technology,Oakland,94605,https://www.baytechschool.org/
John Muir Elementary,Berkeley,94705,https://www.berkeleyschools.net/schools/elementary-schools/john-muir-elementary/
Claremont High,Claremont,91711,https://chs-claremont-ca.schoolloop.com/
Atascadero Choices in Education Academy (ACE),Atascadero,93422,https://sites.google.com/atasusd.org/atascadero-usd-alt-ed/ace-academy
Emerald Middle,El Cajon,92020,https://www.cajonvalley.net/emerald
Para Los Ni?os Charter,Los Angeles,90021,https://www.paralosninos.org/cms/charter-middle-school/
Rise Kohyang Middle,Los Angeles,90010,https://www.brightstarschools.org/rkms
City Arts and Tech High,San Francisco,94112,https://es-cat.org/
Camino Elementary,Camino,95709,https://www.caminoschool.org/
North County Trade Tech High,Vista,92083,https://www.tradetechhigh.org/
Rio Vista Middle,Fresno,93722,https://rv.centralunified.org/
Linda Vista Elementary,San Jose,95127,https://lindavista.arusd.org/
Matthew Turner Elementary,Benicia,94510,https://mte.beniciaunified.org/
Learning by Design Charter,Los Angeles,90047,https://www.learningbydesignschools.org/
Henderson Elementary,Barstow,92311,https://www.barstow.k12.ca.us/District/7058-Henderson-Elementary-School.html
Salt Creek Elementary,Chula Vista,91914,http://schools.cvesd.org/schools/saltcreek/Pages/default.aspx
Big Springs Elementary,Montague,96064,https://bigspringsschool.org/
Lyndale Elementary,San Jose,95127,https://lyndale.arusd.org/
Gateway International,Sacramento,95864,https://www.gischarter.org/
Mary Farmar Elementary,Benicia,94510,https://mfe.beniciaunified.org/
Victoria Groves Elementary,Alta Loma,91701,https://www.alsd.k12.ca.us/victoriagroves
Edison Elementary,Alameda,94501,https://edison-alamedausd-ca.schoolloop.com/
Rocketship Futuro Academy,Concord,94520,https://www.rocketshipschools.org/schools/futuro-academy/
Port of Los Angeles High,San Pedro,90731,https://www.polahs.net/
Nelson Elementary,Pinedale,93650,https://nelson.cusd.com/
New Millennium Secondary,Gardena,90248,http://newmillenniumschool.org/
Desert Winds Continuation High,Lancaster,93535,https://www.desertwindshs.org/
Vista Charter Middle,Los Angeles,90026,https://www.vistacharterms.org/
Magnolia Science Academy 7,Northridge,91325,https://www.msa7.magnoliapublicschools.org/
John E. Steinbeck Elementary,Salinas,93906,https://www.alisal.org/steinbeck
Venture Academy,Stockton,95206,http://www.ventureacademyca.org/
Stone Bridge,Napa,94558,https://stonebridgeschool.org/
Fine Arts Academy,Atascadero,93422,http://faa.atasusd.org/
Antelope Valley Learning Academy,Palmdale,93550,https://avlearning.org/
Madison (James) Elementary,Anaheim,92804,https://anaheimelementary.org/madison/
Kidinnu Academy,El Cajon,92021,https://kidinnu.com/
Aspire Richmond Ca. College Preparatory Academy,Richmond,94806,https://aspirepublicschools.org/locations/bay-area/aspire-richmond-california-college-preparatory-academy/
Washington Elementary,Burlingame,94010,https://wes-bsd-ca.schoolloop.com/
Orange County Academy of Sciences and Arts,Laguna Niguel,92677,https://www.ocasacharter.org/
Belshaw Elementary,Antioch,94509,https://www.antiochschools.net/Belshaw
Valiente College Preparatory Charter,South Gate,90280,https://www.valientecollegeprep.org/
Almond Acres Charter Academy,San Miguel,93451,https://www.almondacres.com/
Silva Valley Elementary,El Dorado Hills,95762,https://www.buckeyeusd.org/sves
Southwest High,El Centro,92243,https://www.eaglesnet.net/
Big Sur Charter,Monterey,93940,http://www.bigsurcharterschool.org/
Marshall (John) Elementary,Anaheim,92801,https://anaheimelementary.org/marshall/
Hanh Phan Tilley Elementary,Fresno,93722,https://ti.centralunified.org/
Lodestar: A Lighthouse Community Charter Public,Oakland,94603,https://lighthousecharter.org/our-schools/lodestar/
Alliance Gertz-Ressler Richard Merkin 6-12 Complex,Los Angeles,90007,https://www.gertzresslerhigh.org/
Jasper Elementary,Alta Loma,91701,https://www.alsd.k12.ca.us/jasper
PUC Comm Charter Mid and PUC Comm Charter Early College High,Lake View Terrace,91342,https://www.pucschools.org/ccechs/
Beardsley Junior High,Bakersfield,93308,http://beardsleyschool.org/bjhs/
Novato Charter,Novato,94949,http://www.novatocharterschool.org/
Old River Elementary,Bakersfield,93311,https://ca01902269.schoolwires.net/oldriver
William B. Bristow Middle,Brentwood,94513,https://bms-brentwood-ca.schoolloop.com/
Dimensions Collaborative,Escondido,92026,https://www.dimensions.org/
Quartz Hill High,Quartz Hill,93536,https://www.quartzhillhs.org/
Bagby Elementary,San Jose,95124,https://www.cambriansd.org/Bagby
Vista Condor Global Academy,Santa Ana,92703,https://www.vistacondor.org/
Argonaut High,Jackson,95642,https://argonauths.amadorcoe.org/
El Molino High,Forestville,95436,https://www.wscuhsd.org/o/el-molino/
Great Valley Academy - Salida,Modesto,95356,https://www.greatvalleyacademy.com/pages/GVA-Salida.html
Oak Grove Elementary,Porterville,93257,https://www.burtonschools.org/domain/10
Santa Ynez Valley Charter,Santa Ynez,93460,http://www.syvcs.org/
San Juan Elementary,San Juan Capistrano,92675,https://sjes-capousd-ca.schoolloop.com/
Raymond Temple Elementary,Buena Park,90620,https://rt.cesd.k12.ca.us/
Excelsior Charter,Victorville,92395,https://excelsior.com/victorville/
Health Sciences High,San Diego,92105,https://www.hshmc.org/
Collett Elementary,Riverside,92505,https://www.alvordschools.org/collett
Intellectual Virtues Academy of Long Beach,Long Beach,90807,http://www.ivalongbeach.org/
Skyridge Elementary,Auburn,95603,https://skyridge.auburn.k12.ca.us/
R. K. Lloyde High,Lawndale,90260,https://www.lloydehs.org/
Buckeye Elementary,Shingle Springs,95682,https://www.buckeyeusd.org/bes
El Camino Real Elementary,Arvin,93203,http://www.arvinschools.com/2/home
Castle Park Elementary,Chula Vista,91910,https://castlepark.cvesd.org/
Bessie E. Owens Primary,Bakersfield,93307,https://owensprimary.bcsd.com/
Nea Community Learning Center,Alameda,94501,https://www.neaclc.org/page.cfm?p=351
Learning Without Limits,Oakland,94601,https://www.efcps.org/learning-without-limits
Arroyo Vista Elementary,Rancho Santa Margarita,92688,https://avk8-capousd-ca.schoolloop.com/
Alliance Tennenbaum Family Technology High,Los Angeles,90065,https://www.tennenbaumtech.org/
Campbell School of Innovation,Campbell,95008,https://csi.campbellusd.org/
Buena Vista Continuation High,Chino,91710,https://www.chino.k12.ca.us/buenavista
Valle Vista Elementary,Rancho Cucamonga,91730,https://vves-csd-ca.schoolloop.com/
Rolling Ridge Elementary,Chino Hills,91709,https://www.chino.k12.ca.us/RollingRidge
Today's Fresh Start-Compton,Los Angeles,90043,https://www.todaysfreshstart.org/
Highland Oaks Elementary,Arcadia,91006,https://ho.ausd.net/
Clovis East High,Clovis,93611,https://rec.cusd.com/cloviseasthighschool_home.aspx
Rocketship Spark Academy,San Jose,95111,https://www.rocketshipschools.org/schools/spark-academy/
Leadership Public Schools - Hayward,Hayward,94545,https://www.leadps.org/hayward/
Trivium Charter,Santa Maria,93454,https://www.triviumcharter.org/apps/pages/index.jsp?uREC_ID=799832&type=d&pREC_ID=1189315
Vista del Mar Middle,San Clemente,92673,https://vdm.schoolloop.com/
Alta Loma High,Alta Loma,91701,https://alhs.cjuhsd.net/
Kimball Elementary,Antioch,94509,https://www.antiochschools.net/kimball
Sherman Thomas Charter,Madera,93638,https://www.stcsca.org/
Our Community Charter,Chatsworth,91311,https://www.ourcommunityschool.org/
Walnut Elementary,Baldwin Park,91706,https://www.walnuteagles.net/
Butterfield Ranch Elementary,Chino Hills,91709,https://www.chino.k12.ca.us/BRE
Teague Elementary,Fresno,93722,https://te.centralunified.org/
Bernice Ayer Middle,San Clemente,92673,https://bams.schoolloop.com/
Palm Innovation Academy,Beaumont,92223,https://pia.beaumontusd.us/
Gabriella Charter,Los Angeles,90026,https://www.gabriellacharterschools.org/
James Jordan Middle,Winnetka,91306,https://www.jamesjordanms.com/
Escalon Charter Academy,Escalon,95320,https://www.escaloncharteracademy.org/
Kinetic Academy,Huntington Beach,92648,https://www.kineticacademy.org/
Alvord Alternative Continuation High,Riverside,92505,https://www.alvordschools.org/Domain/2024
Crestline Elementary,Barstow,92311,https://www.barstow.k12.ca.us/Crestline
Desert Trails Preparatory Academy,Adelanto,92301,https://dtpacademy.com/
High Tech High International,San Diego,92106,https://www.hightechhigh.org/hthi/
ICEF View Park Preparatory Elementary,Los Angeles,90043,https://vpes.icefps.org/
Connecting Waters Charter - East Bay,Union City,94587,https://www.cweastbay.org/
Thousand Oaks Elementary,Berkeley,94707,https://www.berkeleyschools.net/schools/elementary-schools/thousand-oaks-elementary/
Wonderful College Prep Academy,Delano,93215,http://www.wonderfulcollegeprepacademy.org/
Sylvia Cassell Elementary,San Jose,95122,https://cassell.arusd.org/
Blossom Valley Elementary,El Cajon,92021,https://www.cajonvalley.net/blossomvalley
Mojave River Academy - Marble City,Phelan,92371,http://www.mojaveriver.net/charters/marble_city
California Innovative Career Academy,Sacramento,95838,https://www.cicacademy.org/
Ocala Middle,San Jose,95148,https://ocala.arusd.org/
KIPP Corazon Academy,South Gate,90280,https://www.kipp.org/school/kipp-corazon-academy-tk-4/
Roger S. Oraze Elementary,Fresno,93727,https://oraze.cusd.com/
Lake Hills Elementary,Riverside,92503,https://www.alvordschools.org/lakehills
Toyon Middle,Valley Springs,95252,https://tms.custudents.net/
Bidwell Continuation High,Antioch,94509,https://www.antiochschools.net/Domain/30
Mitchell Elementary,Atwater,95301,https://www.mitchell.school/
East Palo Alto Academy,East Palo Alto,94303,https://www.epaahs.org/
Rocklin Academy,Rocklin,95765,https://www.rocklinacademy.com/
Montara Elementary,Barstow,92311,https://www.barstow.k12.ca.us/District/7060-Montara-Elementary-School.html
Creekside Elementary,Salinas,93906,https://www.alisal.org/creekside
Copper Hills Elementary,Fresno,93720,https://copperhills.cusd.com/
Northern Summit Academy Shasta,Anderson,96007,https://ns-academy.org/
Oxford Elementary,Berkeley,94707,http://oxfordelementary.org/
PUC Early College Academy for Leaders and Scholars (ECALS),Los Angeles,90065,https://www.pucschools.org/ecals/
Bathgate Elementary,Mission Viejo,92692,https://bges-capousd-ca.schoolloop.com/
Rise Kohyang High,Los Angeles,90057,https://www.brightstarschools.org/RKHS
Carmel Child Development Center,Carmel,93923,http://www.carmelunified.org/Domain/392
Bangor Elementary,Bangor,95914,http://bangorunion.org/
Chaparral Elementary,Ladera Ranch,92694,https://chpes-capousd-ca.schoolloop.com/
APEX Academy,Los Angeles,90028,https://apexacademyla.org/
Richmond Charter Academy,Richmond,94804,https://rca.amethodschools.org/
San Diego Mission Academy,San Diego,92123,https://sdmissionacademy.org/
Sevick Special Education,El Cajon,92019,https://www.cajonvalley.net/sevick
Vista Heritage Global Academy,Santa Ana,92703,https://www.vistaheritagems.org/
OCSA,Santa Ana,92701,https://www.ocsarts.net/
Evergreen Elementary,Bakersfield,93304,https://evergreen.bcsd.com/
Piedmont Middle,San Jose,95132,https://piedmont.berryessa.k12.ca.us/
Laguna Niguel Elementary,Laguna Niguel,92677,https://lnes-capousd-ca.schoolloop.com/
Assurance Learning Academy,Lancaster,93535,https://assurancelearning.org/location/
Animo South Los Angeles Charter,Los Angeles,90047,https://ca.greendot.org/southla/
Gorman Learning Center,Redlands,92374,https://gormanlcn.org/
Auburn Elementary,Auburn,95603,https://auburnel.auburn.k12.ca.us/
Sutter Creek Elementary,Sutter Creek,95685,https://suttercreekel.amadorcoe.org/
Pilarcitos Alternative High (Continuation),Half Moon Bay,94019,https://pilarcitos.cabrillo.k12.ca.us/
Loma Vista Elementary,Brentwood,94513,https://lv-brentwood-ca.schoolloop.com/
Creekside Middle,Castro Valley,94546,https://creekside.cv.k12.ca.us/
Glen View High,Beaumont,92223,https://gvhs.beaumontusd.us/
Albany High,Albany,94706,https://ahs.ausdk12.org/
Santa Rosa Academy,Menifee,92584,https://www.sra.mn/
High Tech Elementary Chula Vista,Chula Vista,91915,https://www.hightechhigh.org/htecv/
Halecrest Elementary,Chula Vista,91910,http://schools.cvesd.org/schools/halecrest/Pages/Home.aspx
California Pacific Charter - Sonoma,Newport Beach,92663,https://www.cal-pacs.org/
Growth Public,Sacramento,95826,https://www.growthps.org/
Public Safety Academy,San Bernardino,92408,http://www.psasb.us/
Delta Elementary Charter,Clarksburg,95612,https://www.deltacharter.org/
Washington,Cloverdale,95425,https://cloverdale-ca.schoolloop.com/washington-school
Etiwanda High,Etiwanda,91739,https://ehs.cjuhsd.net/
Aurum Preparatory Academy,Oakland,94621,https://www.aurumprep.org/
Aspire Antonio Maria Lugo Academy,Huntington Park,90255,https://aspirepublicschools.org/locations/los-angeles/aspire-antonio-maria-lugo-academy/
Gateway High (Continuation),Clovis,93611,https://gateway.cusd.com/
Mountain View Middle,Turlock,95313,http://www.chatom.k12.ca.us/schools/mountain-view-middle-school/
San Joaquin Building Futures Academy,Stockton,95203,https://www.sjcoe.org/buildingfutures/
Rocketship Fuerza Community Prep,San Jose,95116,https://www.rocketshipschools.org/schools/fuerza-community-prep/
Northcoast Preparatory and Performing Arts Academy,Arcata,95521,https://northcoastprep.org/
Tunnell (Martin Luther) Elementary,Santa Maria,93454,https://tu-smbsd-ca.schoolloop.com/
Chaparral High (Continuation),San Dimas,91773,https://ej.bonita.k12.ca.us/
College Heights Elementary,Bakersfield,93305,https://collegeheights.bcsd.com/
Winship Community,Meridian,95957,https://winshipcommunity.org/
Pershing Continuation High,Fresno,93706,https://phs.centralunified.org/
Inland Leaders Charter,Yucaipa,92399,https://www.inlandleaders.com/
Berkeley Special Education Preschool,Berkeley,94704,https://www.berkeleyschools.net/schools/early-childhood-education/early-childhood-special-education/
Melva Davis Academy of Excellence,Victorville,92394,https://www.aesd.net/mdae/home
Desert Sands Charter,Lancaster,93534,https://dschs.org/
ARISE High,Oakland,94601,https://arisehighschool.org/
Golden Valley Charter,Ventura,93003,https://goldenvcs.org/
Ball Junior High,Anaheim,92802,https://ball.auhsd.us/
Gus Franklin Jr. School,Victorville,92395,https://www.aesd.net/gfs/home
Somerset Continuation High,Bellflower,90706,https://www.busd.k12.ca.us/somerset
Carmel Valley High,Carmel,93923,https://www.carmelunified.org/Domain/337
Charter Oak High,Covina,91724,https://www.cousd.net/domain/14
Fenton Charter Leadership Academy,Sun Valley,91352,https://fcla.fentoncharter.net/
Horace Mann Elementary,Bakersfield,93306,https://horacemann.bcsd.com/
Los Feliz Charter Middle School for the Arts,Los Angeles,90065,https://losfelizarts.org/
High Tech High North County,San Marcos,92078,https://www.hightechhigh.org/hthnc/
Boynton High,San Jose,95117,https://boynton.cuhsd.org/
Rohr (Fred H.) Elementary,Chula Vista,91911,http://schools.cvesd.org/schools/rohr/Pages/default.aspx
Audeo Charter School III,Escondido,92025,https://audeo3.com/
Vox Collegiate of Los Angeles,Los Angeles,90044,https://voxcollegiate.org/
Lenwood Elementary,Lenwood,92311,https://www.barstow.k12.ca.us/Lenwood
Camino Grove Elementary,Arcadia,91007,https://cg.ausd.net/
Ron Nunn Elementary,Brentwood,94513,https://rns-brentwood-ca.schoolloop.com/
El Granada Elementary,Half Moon Bay,94019,https://elgranada.cabrillo.k12.ca.us/
Allensworth Elementary,Allensworth,93219,https://www.allensworthesd.org/
KIPP King Collegiate High,San Lorenzo,94580,https://www.kipp.org/school/kipp-king-collegiate-high-school/
El Rodeo Elementary,Beverly Hills,90210,https://er.bhusd.org/
Hedenkamp (Anne and William) Elementary,Chula Vista,91913,http://schools.cvesd.org/schools/hedenkamp/Pages/default.aspx
Oak Grove Elementary,Aliso Viejo,92656,https://oges-capousd-ca.schoolloop.com/
Brookfield Engineering Science Technology Academy,Julian,92036,https://www.bestacademycs.com/
Marshall Lane Elementary,Saratoga,95070,https://mlane.campbellusd.org/
South Junior High,Anaheim,92806,https://south.auhsd.us/
Alliance Renee and Meyer Luskin Academy High,Los Angeles,90043,https://www.luskinacademy.org/
Central Elementary,Rancho Cucamonga,91730,https://ces-csd-ca.schoolloop.com/
Alliance Susan and Eric Smidt Technology High,Los Angeles,90031,https://www.smidttech.org/
Jefferson (Thomas) Elementary,Anaheim,92805,https://anaheimelementary.org/jefferson/
San Gorgonio Middle,Beaumont,92223,https://sgms.beaumontusd.us/
Henry Eissler Elementary,Bakersfield,93306,https://eissler.bcsd.com/
Oakmont Elementary,Claremont,91711,https://oak-claremont-ca.schoolloop.com/
Alliance Piera Barbaglia Shaheen Health Services Academy,Los Angeles,90044,https://www.pbshsa.org/
Juarez (Benito) Elementary,Anaheim,92806,https://anaheimelementary.org/juarez/
Colonel Howard Nichols Elementary,Bakersfield,93306,https://nichols.bcsd.com/
Stoddard (Alexander J.) Elementary,Anaheim,92802,https://anaheimelementary.org/stoddard/
Alpine County Secondary Community Day,Markleeville,96120,https://www.alpinecoe.k12.ca.us/District/Portal/alpine-county-secondary-community-day-school
Diablo Vista Elementary,Antioch,94531,https://www.antiochschools.net/diablovista
Imagine Schools Riverside County,Coachella,92236,https://www.imagineriverside.org/
Cesar Chavez Elementary,San Jose,95116,https://chavez.arusd.org/
Renaissance Arts Academy,Los Angeles,90065,https://www.renarts.org/
Visions In Education,Carmichael,95608,https://www.viedu.org/
Carlsbad Seaside Academy,Carlsbad,92008,https://csa.schoolloop.com/
KIPP Heritage Academy,San Jose,95111,https://heritage.kippnorcal.org/
Muraoka (Saburo) Elementary,Chula Vista,91915,http://schools.cvesd.org/schools/muraoka/Pages/default.aspx
Pine Grove Elementary STEM Magnet,Jackson,95642,https://pinegroveel.amadorcoe.org/
Dry Creek Elementary,Clovis,93619,https://drycreek.cusd.com/
Cajon Valley Middle,El Cajon,92020,https://www.cajonvalley.net/Domain/12
KIPP San Francisco College Preparatory,San Francisco,94124,https://www.kipp.org/school/kipp-san-francisco-college-preparatory/
Center for Advanced Learning,Los Angeles,90011,https://www.centeradvancedlearning.org/
Biggs Elementary,Biggs,95917,https://bes.biggs.org/
Jefferson Elementary,Bakersfield,93305,https://jefferson.bcsd.com/
Alvin S. Hatch Elementary,Half Moon Bay,94019,https://hatch.cabrillo.k12.ca.us/
El Sol Santa Ana Science and Arts Academy,Santa Ana,92701,https://www.elsolacademy.org/
Clovis West High,Fresno,93720,https://cwhs.cusd.com/
Longfellow,Azusa,91702,https://www.azusa.org/longfellow
Alma Preschool,Castro Valley,94546,https://alma.cv.k12.ca.us/
Finney (Myrtle S.) Elementary,San Diego,92154,http://schools.cvesd.org/schools/finney/Pages/default.aspx
Cherrywood Elementary,San Jose,95132,https://cherrywood.berryessa.k12.ca.us/
Paul L. Cato Middle,Bakersfield,93306,https://cato.bcsd.com/
Hoffer Elementary,Banning,92220,https://hoffer.banning.k12.ca.us/
William G. Paden Elementary,Alameda,94501,https://paden-alamedausd-ca.schoolloop.com/
Edgewood Academy,La Puente,91746,https://ewa.bassettusd.org/
Mountain View Elementary,Claremont,91711,https://mtv-claremont-ca.schoolloop.com/
Liberty Elementary,Santa Maria,93458,https://li-smbsd-ca.schoolloop.com/
Loma Vista,Chico,95926,http://lomavista.chicousd.org/
Belleview Elementary,Sonora,95370,http://mybelleview.org/
Sierramont Middle,San Jose,95132,https://sierramont.berryessa.k12.ca.us/
Cesar E. Chavez Elementary,Salinas,93905,https://www.alisal.org/chavez
Bellevue-Santa Fe Charter,San Luis Obispo,93405,https://www.bsfcs.org/
Connecting Waters Charter,Waterford,95386,https://www.connectingwaters.org/
Aliso Elementary,Carpinteria,93013,https://aliso.cusd.net/
Pathways Academy Charter - Adult Education,San Marcos,92069,https://www.pathwaysadulteducation.org/
Lexington Junior High,Cypress,90630,https://lexington.auhsd.us/
Aspire Rosa Parks Academy,Stockton,95206,https://aspirepublicschools.org/locations/central-valley/aspire-rosa-parks-academy/
Cedargrove Elementary,Covina,91724,https://www.cousd.net/cedargrove
Marco Forster Middle,San Juan Capistrano,92675,https://mfms.schoolloop.com/
MAAC Community Charter,Chula Vista,91911,https://sites.google.com/a/maac-community-charter-school.com/maac-charter-school/
Sierra Academy of Expeditionary Learning,Nevada City,95959,http://www.sierraacademy.net/
Kellogg (Karl H.) Elementary,Chula Vista,91911,http://schools.cvesd.org/schools/kellogg/Pages/default.aspx
Merle L. Fuller Elementary,Chowchilla,93610,https://www.chowchillaelem.k12.ca.us/domain/187
Lemoore Middle College High,Lemoore,93245,https://www.luhsd.k12.ca.us/Domain/103
William Penn Elementary,Bakersfield,93304,https://williampenn.bcsd.com/
James K. Polk Elementary,Fresno,93722,https://po.centralunified.org/
Rocketship Los Suenos Academy,San Jose,95116,https://www.rocketshipschools.org/schools/los-suenos-academy/
Los Coyotes Elementary,La Palma,90623,https://lc.cesd.k12.ca.us/
La Rosa Elementary,Ceres,95307,https://larosa.ceres.k12.ca.us/
Curran Middle,Bakersfield,93309,https://curran.bcsd.com/
Condit Elementary,Claremont,91711,https://con-claremont-ca.schoolloop.com/
Academia Avance Charter,Highland Park,90042,https://www.academiaavance.org/
Atwater Senior Academy,Atwater,95301,https://www.atwatersenior.academy/
Tijeras Creek Elementary,Rancho Santa Margarita,92688,https://tces-capousd-ca.schoolloop.com/
Brawley Union High,Brawley,92227,https://www.brawleyhigh.org/
Antelope Valley High,Lancaster,93535,https://www.antelopevalleyhs.org/
Clarence Lobo Elementary,San Clemente,92672,https://cles-capousd-ca.schoolloop.com/
Rise Kohyang Elementary,Los Angeles,90057,https://www.brightstarschools.org/RKES
JCS - Manzanita,La Mesa,91942,https://www.jcsmanzanita.org/
Arts In Action Community Charter,Los Angeles,90022,https://www.artsinactioncharter.org/
Center High,Antelope,95843,https://chs.centerusd.org/
Caroline Harris Elementary,Bakersfield,93309,https://harris.bcsd.com/
Anderson High,Anderson,96007,http://www.andersoncubs.com/
Oakland Unity Middle,Oakland,94605,http://www.unitymiddle.org/
Turner Elementary,Antioch,94509,https://www.antiochschools.net/turner
Lee Mathson Middle,San Jose,95116,https://mathson.arusd.org/
Anna Hause Elementary,Beaumont,92223,https://ahe.beaumontusd.us/
Mann (Horace) Elementary,Anaheim,92801,https://anaheimelementary.org/mann/
Barack Obama Charter,Los Angeles,90061,https://ingeniumschools.org/ibocs/
Sunny Brae Middle,Arcata,95521,https://www.sunnybraemiddleschool.org/
Sutter Elementary,Antioch,94509,https://www.antiochschools.net/sutter
Eastside High,Lancaster,93535,https://www.eastsidehs.org/
Cinnabar Charter,Petaluma,94952,https://www.cinnabar.org/
Tarpey Elementary,Clovis,93612,https://tarpey.cusd.com/
Animo Venice Charter High,Venice,90291,https://ca.greendot.org/venice/
Burbank High,Burbank,91502,https://www.burbankusd.org/BHS
Great Valley Academy,Modesto,95350,https://www.greatvalleyacademy.com/pages/GVA-Modesto.html
John Muir Middle,Burbank,91504,https://www.burbankusd.org/jmms
Carlsbad High,Carlsbad,92008,https://carlsbadhs.schoolloop.com/
Empower Charter,San Diego,92111,http://empowercharter.org/
Lawndale High,Lawndale,90260,https://www.lawndalehs.org/
Stine Elementary,Bakersfield,93309,https://ca01902269.schoolwires.net/stine
Castille Elementary,Mission Viejo,92691,https://ctes-capousd-ca.schoolloop.com/
Aviara Oaks Middle,Carlsbad,92011,https://aoms.schoolloop.com/
Rocketship Rising Stars,San Jose,95111,https://www.rocketshipschools.org/schools/rising-stars/
Westmont Elementary,Anaheim,92801,https://anaheimelementary.org/westmont/
Sacramento Charter High,Sacramento,95820,https://www.sthope.org/sac-high-home
Rolling Hills Middle,El Dorado Hills,95762,https://www.buckeyeusd.org/rhms
Redwood Shores Elementary,Redwood City,94065,https://redwoodshores.brssd.org/
Buena Park Junior High,Buena Park,90620,https://bpjh.bpsd.us/
Mountain Home Charter (Alternative),Oakhurst,93644,https://www.mountainhomecharter.org/
R. J. Neutra,N.A.S. Lemoore,93245,http://neutra.central.k12.ca.us/
North Beardsley Elementary,Bakersfield,93308,http://beardsleyschool.org/nbs/
Oak Ridge Elementary,Chino Hills,91709,https://www.chino.k12.ca.us/OakRidge
Frank Paul Elementary,Salinas,93905,https://www.alisal.org/frankpaul
Jenny Lind Elementary,Valley Springs,95252,http://jle.custudents.net/
Valor Academy High,North Hills,91343,http://www.brightstarschools.org/VAHS/
ISANA Cardinal Academy,Sun Valley,91352,https://isanaacademies.org/cardinal/
Aspire Firestone Academy Charter,South Gate,90280,https://aspirepublicschools.org/locations/los-angeles/aspire-firestone-academy/
Gettysburg Elementary,Clovis,93611,https://gettysburg.cusd.com/
Woodland Star Charter,Sonoma,95476,https://woodlandstarschool.org/
Las Flores Middle,Las Flores,92688,https://lfms-capousd-ca.schoolloop.com/
Biggs High,Biggs,95917,https://bhs.biggs.org/
Olympic View Elementary,Chula Vista,91915,http://schools.cvesd.org/schools/olympicview/Pages/default.aspx
Luther Burbank Middle,Burbank,91505,https://www.burbankusd.org/lbms
Camino Nuevo Charter Academy,Los Angeles,90057,https://www.caminonuevo.org/
Method Schools LA,Murrieta,92562,https://www.methodschools.org/locations-beta
Live Oak Charter,Petaluma,94952,https://www.liveoakcharter.org/
Cesar E. Chavez Elementary,Bakersfield,93306,https://chavez.bcsd.com/
Weldon Elementary,Clovis,93612,https://weldon.cusd.com/
Longfellow Arts and Technology Middle,Berkeley,94703,https://www.berkeleyschools.net/schools/middle-schools/longfellow-middle-school/
Ingenium Clarion Charter Middle,Los Angeles,90061,https://ingeniumschools.org/iccms/
Canyon Hills Junior High,Chino Hills,91709,https://www.chino.k12.ca.us/CanyonHills
Walter Stiern Middle,Bakersfield,93306,https://stiern.bcsd.com/
Alder Grove Charter School 2,Eureka,95501,https://aldergrovecharter.org/
Grove,Redlands,92373,http://thegroveschool.org/
Sandpiper Elementary,Redwood City,94065,https://sandpiper.brssd.org/
Victoria Magathan Elementary,Adelanto,92301,http://www.aesd.net/vme/home
MIT Academy,Vallejo,94589,https://mitacademy.org/
Coastal Grove Charter,Arcata,95521,http://www.coastalgrove.org/
Aspire Vincent Shalvey Academy,Stockton,95212,https://aspirepublicschools.org/locations/central-valley/aspire-vincent-shalvey-academy/
Animo Watts College Preparatory Academy,Los Angeles,90061,https://ca.greendot.org/watts/
Williams Elementary,Bakersfield,93305,https://williams.bcsd.com/
Enrique Camarena Jr. High,Calexico,92231,https://ec.cusdk12.org/
Nevada City School of the Arts,Nevada City,95959,https://www.ncsota.org/
Tiffany (Burton C.) Elementary,Chula Vista,91913,http://schools.cvesd.org/schools/tiffany/Pages/default.aspx
Western Sierra Collegiate Academy,Rocklin,95765,https://www.wscacademy.org/
Sycamore Junior High,Anaheim,92805,https://sycamore.auhsd.us/
Divide High,Georgetown,95634,https://www.bomusd.org/subsites/Divide-High-School/
Epiphany Prep Charter,Escondido,92025,http://www.epiphanyprep.org/
Avocado Elementary,La Mesa,91941,https://www.cajonvalley.net/avocado
Gateway High,San Francisco,94115,https://www.gatewaypublicschools.org/ghs
Hidden Trails Elementary,Chino Hills,91709,https://www.chino.k12.ca.us/HiddenTrails
High Tech High Mesa,San Diego,92111,https://www.hightechhigh.org/hthm/
Adelanto Virtual Academy,Victorville,92394,https://www.aesd.net/ava/home
University Preparation Charter School at CSU Channel Islands,Camarillo,93010,https://universitycharterschools.csuci.edu/
Kelly Elementary,Carlsbad,92008,https://kelly.schoolloop.com/
Sunnyside Elementary,Bonita,91902,http://schools.cvesd.org/schools/sunnyside/Pages/default.aspx
Colony High,Ontario,91761,https://cohs.cjuhsd.net/
Don Juan Avila Elementary,Aliso Viejo,92656,https://djaes-capousd-ca.schoolloop.com/
Brea Junior High,Brea,92821,https://bjhs.bousd.us/
Manuel F. Cunha Intermediate,Half Moon Bay,94019,https://cunha.cabrillo.k12.ca.us/
George White Elementary,Laguna Niguel,92677,https://gwes-capousd-ca.schoolloop.com/
Aspire River Oaks Charter,Stockton,95210,https://aspirepublicschools.org/locations/central-valley/aspire-river-oaks-charter-school/
Mt. Vernon Elementary,Bakersfield,93307,https://mtvernon.bcsd.com/
Mains Elementary,Calexico,92231,https://ms.cusdk12.org/
Luis Valdez Leadership Academy,San Jose,95122,https://www.sjlvla.org/
High Tech Middle Mesa,San Diego,92111,https://www.hightechhigh.org/htmm/
Island High (Continuation),Alameda,94501,https://ihs-alamedausd-ca.schoolloop.com/
Connecting Waters Charter School - Central Valley,Modesto,95350,https://cwcentralvalley-cwcs-ca.schoolloop.com/
Escondido Charter High,Escondido,92027,https://echs.amhcs.org/
Yosemite Valley Charter,Fresno,93720,https://yosemitevalleycharter.org/
Kipp Prize Preparatory Academy,San Jose,95122,https://www.kipp.org/school/kipp-prize-preparatory-academy/
Lincoln Elementary,Fresno,93720,https://lincoln.cusd.com/
LPS Oakland R & D Campus,Oakland,94605,https://www.leadps.org/oakland/
Compass Charter Schools of Los Angeles,Thousand Oaks,91361,https://www.compasscharters.org/
J. E. Van Wig Elementary,La Puente,91746,https://vwe.bassettusd.org/
Red Bank Elementary,Clovis,93611,https://redbank.cusd.com/
Northwest Prep Charter,Santa Rosa,95401,https://www.northwestprep.org/
Palmdale Aerospace Academy,Palmdale,93550,https://www.tpaa.org/
Anderson Valley Junior-Senior High,Boonville,95415,https://www.avusd.k12.ca.us/Domain/69
Community Collaborative Charter,McClellan,95652,https://www.gcccharters.org/community-collaborative-charter-school
Valley Charter High,Modesto,95350,https://www.stancoe.org/division/educational-options/valley-charter-high-school
Albert Baxter Elementary,Bellflower,90706,https://www.busd.k12.ca.us/albertbaxterelementary
Everest Public High,Redwood City,94063,https://summitps.org/our-schools/summit-everest-redwood-city/
Rosemary,Campbell,95008,https://rosemary.campbellusd.org/
Amador High,Sutter Creek,95685,https://amadorhs.amadorcoe.org/
Franklin Elementary,Bakersfield,93301,https://franklin.bcsd.com/
Olive Grove Charter - Santa Barbara,Santa Barbara,93109,https://olivegrovecharter.org/locations/santa-barbara/
KIPP San Jose Collegiate,San Jose,95133,https://www.kipp.org/school/kipp-san-jose-collegiate/
Parkview Elementary,Chico,95928,http://parkview.chicousd.org/
North State Aspire Academy,Anderson,96007,https://www.cuesd.com/apps/pages/index.jsp?uREC_ID=254959&type=d
Naranca Elementary,El Cajon,92021,https://www.cajonvalley.net/naranca
IvyTech Charter,Moorpark,93021,https://www.ivytechcharterschool.org/
Palisades Elementary,Capistrano Beach,92624,https://pses-capousd-ca.schoolloop.com/
Cornell Elementary,Albany,94706,https://cornell.ausdk12.org/
Mission Preparatory,San Francisco,94110,https://www.missionpreparatory.org/
Arcohe Elementary,Herald,95638,https://www.arcohe.net/
Gold Rush Charter,Sonora,95370,http://goldrushcs.com/
Invictus Academy of Richmond,El Sobrante,94803,https://www.invictusofrichmond.org/
JCS - Pine Valley,Pine Valley,91962,https://pinevalley.jcs-inc.org/
Pathway Elementary Community Day,Fresno,93706,https://pcds.centralunified.org/
Savanna High,Anaheim,92801,https://savanna.auhsd.us/
Franklin Elementary,Alameda,94501,https://franklin-alamedausd-ca.schoolloop.com/
School of Unlimited Learning,Fresno,93721,https://fresnoeoc.org/soul/
Sundance Elementary,Beaumont,92223,https://ses.beaumontusd.us/
Glacier Point Middle,Fresno,93723,https://gp.centralunified.org/
Marian Bergeson Elementary,Laguna Niguel,92677,https://bgnes-capousd-ca.schoolloop.com/
Magnolia Elementary,Azusa,91702,https://www.azusa.org/magnolia
KIPP Excelencia Community Preparatory,Redwood City,94063,https://www.kipp.org/school/kipp-excelencia-community-prep-tk-4/
Desert Oasis High (Continuation),El Centro,92243,https://www.desertoasisnet.net/
Excelsior Charter School Corona-Norco,Corona,92879,https://excelsior.com/corona/
REALM Charter,Berkeley,94710,https://realmcharterschool.org/
Magnolia High,Anaheim,92804,https://magnolia.auhsd.us/
Greenfield Middle,El Cajon,92021,https://www.cajonvalley.net/greenfield
Excel Academy Charter,Irvine,92618,https://www.excelacademy.education/
Tree of Life Charter,Ukiah,95482,http://www.treeoflifeschool.net/
Hillsdale Middle,El Cajon,92019,https://www.cajonvalley.net/hillsdale
Carmel Middle,Carmel,93922,https://www.carmelunified.org/Page/1771
Concordia Elementary,San Clemente,92672,https://cces-capousd-ca.schoolloop.com/
Cedarwood Elementary,Clovis,93611,https://cedarwood.cusd.com/
Oscar F. Loya Elementary,Salinas,93905,https://www.alisal.org/Loya
Chowchilla Union High,Chowchilla,93610,https://www.chowchillahigh.k12.ca.us/
Ocean View Elementary,Albany,94706,https://ov.ausdk12.org/
Browns Elementary,Rio Oso,95674,https://www.brownsschool.org/
Pleasant Valley High,Chico,95926,http://pvhs.chicousd.org/
Bidwell Junior High,Chico,95926,http://bjhs.chicousd.org/
Maya Lin,Alameda,94501,https://mls-alamedausd-ca.schoolloop.com/
Joan MacQueen Middle,Alpine,91901,https://www.alpineschools.net/o/jmms
Central Valley High,Ceres,95307,https://cvhsweb.ceres.k12.ca.us/
Neal Dow Elementary,Chico,95926,http://nealdow.chicousd.org/
Ruskin Elementary,San Jose,95132,https://ruskin.berryessa.k12.ca.us/
Placer Academy Charter,Rocklin,95765,http://www.placeracademy.org/
Blue Oak Elementary,Cameron Park,95682,https://www.buckeyeusd.org/boes
Chino High,Chino,91710,https://www.chino.k12.ca.us/chinohigh
Liberty High,Benicia,94510,https://lhs.beniciaunified.org/
Temecula Preparatory,Winchester,92596,https://www.temeculaprep.com/
Antioch High,Antioch,94509,https://www.antiochschools.net/ahs
Longley Way Elementary,Arcadia,91007,https://lw.ausd.net/
Discovery Bay Elementary,Discovery Bay,94505,https://dbe-busd-ca.schoolloop.com/
Rocky Point Charter,Redding,96003,https://rockypointcharter.com/
California Virtual Academy at Sutter,Simi Valley,93065,https://cava.k12.com/news/California-Virtual-Academy-Sutter-Welcomes-Students-for-2018-19-School-Year.html
KIPP Philosophers Academy,Los Angeles,90001,https://www.kipp.org/school/kipp-philosophers-academy/
Canyon Elementary,Canyon,94516,https://canyon.k12.ca.us/
Brookside Elementary,Beaumont,92223,https://bes.beaumontusd.us/
R. L. Stevenson Elementary,Burbank,91505,https://www.burbankusd.org/rlses
Tularcitos Elementary,Carmel Valley,93924,https://www.carmelunified.org/tularcitos
Excelsior Middle,Byron,94514,https://ems-busd-ca.schoolloop.com/
Jefferson Elementary,Carlsbad,92008,https://jefferson.schoolloop.com/
Marblehead Elementary,San Clemente,92673,https://mhes-capousd-ca.schoolloop.com/
Eleanor Roosevelt Community Learning Center,Visalia,93292,https://erclc.org/
Willard Middle,Berkeley,94705,https://www.willardmiddleschool.org/
Charles D. Jones Junior High,Baldwin Park,91706,https://jones.bpusd.net/
iLEAD Lancaster Charter,Lancaster,93535,https://ileadlancaster.org/
High Tech Middle,San Diego,92106,https://www.hightechhigh.org/htm/
Forest Hill Elementary,San Jose,95130,https://foresthill.campbellusd.org/
Anna A. Borba Fundamental Elementary,Chino,91710,https://www.chino.k12.ca.us/Borba
Walden Academy,Willows,95988,http://www.waldenacademy.org/
Millard McCollam Elementary,San Jose,95127,https://mccollam.arusd.org/
KIPP Iluminar Academy,Los Angeles,90022,https://www.kipp.org/school/kipp-iluminar-academy/
Monte Bella Elementary,Salinas,93905,https://www.alisal.org/montebella
Herndon-Barstow Elementary,Fresno,93723,https://hb.centralunified.org/
Sunkist Elementary,La Puente,91746,https://ske.bassettusd.org/
Sierra View Elementary,Chico,95926,http://sierraview.chicousd.org/
Ballard Elementary,Solvang,93463,http://www.ballardschool.org/
Yu Ming Charter,Oakland,94608,https://www.yumingschool.org/
Nicolet Middle,Banning,92220,https://nicolet.banning.k12.ca.us/
The O'Farrell Charter,San Diego,92114,https://www.ofarrellschool.org/
Gateway College and Career Academy,Riverside,92506,https://riversidegcca.org/
Berkeley Technology Academy,Berkeley,94704,https://www.berkeleyschools.net/schools/high-schools/berkeley-technology-academy/
Learning Choice Academy - Chula Vista,Chula Vista,91914,https://www.learningchoice.org/locations/chula-vista/
Matrix for Success Academy,Los Angeles,90011,http://www.matrix4success.org/
Ceres High,Ceres,95307,https://chs.ceres.k12.ca.us/
Ceres Special Education,Ceres,95307,https://www.ceres.k12.ca.us/student_support/special_education
Brentwood Elementary,Brentwood,94513,https://be-brentwood-ca.schoolloop.com/
W.E.B. DuBois Public Charter,Fresno,93706,https://www.agapeschools.org/web-dubois-charter-school.html
Latino College Preparatory Academy,San Jose,95127,https://www.sjlcpa.org/
Thomas Edison Charter Academy,San Francisco,94114,https://www.teca-sf.org/
Math and Science College Preparatory,Los Angeles,90018,http://www.mscollegeprep.org/
Plumas Charter,Quincy,95971,http://www.plumascharterschool.org/
Sacramento Valley Charter,West Sacramento,95691,https://www.sacvalleycharter.org/
Anderson New Technology High,Anderson,96007,https://www.auhsd.net/andersonnewtechnologyhighschool_home.aspx
Hemmerling Elementary,Banning,92220,https://hemmerling.banning.k12.ca.us/
Twin Rivers Charter,Yuba City,95991,https://www.twinriverscharterschool.org/
Thomas Jefferson Elementary,Bellflower,90706,https://www.busd.k12.ca.us/jeffersonelementary
Rocklin Academy Gateway,Rocklin,95765,https://gateway.rocklinacademy.com/
Adelante Dual Language Academy,San Jose,95127,https://adelante.arusd.org/
Valley Springs Elementary,Valley Springs,95252,http://vse.custudents.net/
Arellanes Junior High,Santa Maria,93455,https://arjh-smbsd-ca.schoolloop.com/
Sierra High,Azusa,91702,https://www.azusa.org/Sierra
Royal Oak Middle,Covina,91724,https://www.cousd.net/royaloak
Loara High,Anaheim,92804,https://loara.auhsd.us/
Washington Elementary,Berkeley,94704,https://www.berkeleyschools.net/schools/elementary-schools/washington-elementary/
William Moreno Junior High,Calexico,92231,https://wm.cusdk12.org/
Carl Hankey Middle,Mission Viejo,92692,https://chhawks.schoolloop.com/
Hugo Reid Elementary,Arcadia,91007,https://hr.ausd.net/
Carmel River Elementary,Carmel,93923,https://www.carmelunified.org/river
West Point Elementary,West Point,95255,http://wpe.custudents.net/
Ednovate - Esperanza College Prep,East Los Angeles,90022,https://www.ednovate.org/esperanza
Don Antonio Lugo High,Chino,91710,https://www.chino.k12.ca.us/DonLugo
Kepler Neighborhood,Fresno,93721,https://kepler.school/
Summit Preparatory Charter High,Redwood City,94063,https://summitps.org/our-schools/summit-prep-redwood-city/
Fanning Academy of Science and Technology,Brea,92821,https://falcon.bousd.us/
St. HOPE Public School 7,Sacramento,95820,https://www.sthope.org/ps7-elementary-home
King-Chavez Arts Academy,San Diego,92102,http://www.kingchavez.org/
Santa Clarita Valley International,Castaic,91384,https://ileadsantaclarita.org/
McGill School of Success,San Diego,92102,https://www.mcgillschoolofsuccess.org/
Fuente Nueva Charter,Arcata,95521,http://apps.humboldt.k12.ca.us/sites/fuentenueva/
Sunkist Elementary,Anaheim,92804,https://anaheimelementary.org/sunkist/
Kenmore Elementary,Baldwin Park,91706,https://kenmore.bpusd.net/
Sequoia Middle,Bakersfield,93304,https://sequoia.bcsd.com/
Leuzinger High,Lawndale,90260,https://www.leuzinger.org/
Del Obispo Elementary,San Juan Capistrano,92675,https://does-capousd-ca.schoolloop.com/
El Capitan Middle,Fresno,93722,https://ec.centralunified.org/
Endeavor College Preparatory Charter,Los Angeles,90023,https://www.endeavorcollegeprep.org/
Revere (Paul) Elementary,Anaheim,92805,https://anaheimelementary.org/revere/
Myra Linn Elementary,Riverside,92505,https://www.alvordschools.org/myralinn
Charles H. Lee Elementary,Azusa,91702,https://www.azusa.org/lee
Sinclear Elementary,Ceres,95307,https://sinclear.ceres.k12.ca.us/
Rising Sun Montessori,El Dorado Hills,95762,http://risingsunmontessori.org/
Aviara Oaks Elementary,Carlsbad,92009,https://aoes-cusd-ca.schoolloop.com/
California Virtual Academy @ San Diego,Simi Valley,93065,https://cava.k12.com/
Stella I. Hills Elementary,Bakersfield,93301,https://hills.bcsd.com/
El Roble Intermediate,Claremont,91711,https://elr-claremont-ca.schoolloop.com/
Cox Academy,Oakland,94603,https://www.efcps.org/cox-academy
Foothills Middle,Arcadia,91006,https://fh.ausd.net/
Loara Elementary,Anaheim,92802,https://anaheimelementary.org/loara/
Camerado Springs Middle,Cameron Park,95682,https://www.buckeyeusd.org/csms
Plymouth Elementary,Plymouth,95669,https://amadorcoe.org/schools/plymouth-elementary-school/
Patricia Kay Beaver Elementary,Ceres,95307,https://beaver.ceres.k12.ca.us/
Tevis Junior High,Bakersfield,93311,https://ca01902269.schoolwires.net/tevis
Alta-Dutch Flat Elementary,Alta,95701,https://www.alta.k12.ca.us/
Levi H. Dickey Elementary,Ontario,91761,https://www.chino.k12.ca.us/Dickey
Terrace Elementary,Riverside,92503,https://www.alvordschools.org/terrace
ICEF Innovation Los Angeles Charter,Los Angeles,90043,https://iila.icefps.org/
Steindorf STEAM K-8 Magnet,San Jose,95124,https://www.cambriansd.org/Steindorf
Voices College-Bound Language Acad at W. Contra Costa Co,Pinole,94564,https://voicesacademies.org/voices-wcc/
Kinoshita Elementary,San Juan Capistrano,92675,https://kses-capousd-ca.schoolloop.com/
Torch Middle,City Of Industry,91746,https://tms.bassettusd.org/
Castle Rock Elementary,Castella,96017,http://www.castlerockschool.net/
