Baypoint Preparatory Academy - San Diego,San Marcos,92078,https://www.cde.ca.gov/schooldirectory/details?cdscode=37771720138099
SIATech,Oceanside,92056,http://www.siatechschools.org/schools/california-charter-schools/north-county-charter-school/
San Antonio Elementary,San Jose,95116,https://sanantonio.arusd.org/
Centralia Elementary,Anaheim,92801,https://ct.cesd.k12.ca.us/
Burlingame Intermediate,Burlingame,94010,https://bi-bsd-ca.schoolloop.com/
Jamacha Elementary,El Cajon,92019,https://www.cajonvalley.net/jamacha
Buena Vista Elementary,Carlsbad,92008,https://buenavista.schoolloop.com/
WISH Community,Los Angeles,90045,https://www.wishcharter.org/
NOVA Academy - Coachella,Coachella,92236,https://www.nova-academy.org/coachella/
Brooktree Elementary,San Jose,95131,https://brooktree.berryessa.k12.ca.us/
Guinn (James M.) Elementary,Anaheim,92806,https://anaheimelementary.org/guinn/
Olinda Elementary,Brea,92821,https://olinda.bousd.us/
Alta Loma Elementary,Alta Loma,91701,https://www.alsd.k12.ca.us/Domain/29
AeroSTEM Academy,Yuba City,95991,https://www.aerostem.org/
Kid Street Learning Center Charter,Santa Rosa,95401,https://www.cde.ca.gov/SchoolDirectory/details?cdscode=49709126116958
Anderson Middle,Anderson,96007,https://ams.cuesd.com/
Wells Middle,Riverside,92503,https://www.alvordschools.org/wells
Ballington Acad for the Arts and Scis - San Bernardino,San Bernardino,92408,https://ballingtonacademy.org/
San Juan Hills High,San Juan Capistrano,92675,https://www.sjhhs.org/
Tomorrow's Leadership Collaborative (TLC) Charter,Orange,92867,https://tlccharter.org/
Pinedale Elementary,Pinedale,93650,https://pinedale.cusd.com/
Intensive Learning Center,Lakewood,90712,https://www.busd.k12.ca.us/intensivelearningcenter
Ralston Intermediate,Belmont,94002,https://ral-brssd-ca.schoolloop.com/
Mission Vista Academy,Temecula,92590,https://missionvistaacademy.org/
Diego Hills Central Public Charter,San Diego,92115,https://dhcentralcharter.org/
Oakland Charter Academy,Oakland,94601,https://oca.amethodschools.org/
iLEAD Online,Acton,93510,https://ileadonline.org/contact-us/
Hermosa Elementary,Alta Loma,91737,https://www.alsd.k12.ca.us/hermosa
Scholarship Prep - South Bay,Wilmington,90744,https://southbay.scholarshipschools.org/
Polaris High (Alternative),Anaheim,92804,https://www.greatschools.org/california/anaheim/11016-Polaris-High-Alternative-School/
Primary Charter,Tracy,95376,https://www.cde.ca.gov/SchoolDirectory/details?cdscode=39754990102384
Alisal Community,Salinas,93905,https://www.alisal.org/alisalcommunity
Synergy Kinetic Academy,Los Angeles,90011,https://www.synergykineticacademy.org/
Prepa Tec Los Angeles High,Bell,90201,https://www.cde.ca.gov/schooldirectory/details?cdscode=19769920133900
Jackson Junior High,Jackson,95642,https://jacksonjr.amadorcoe.org/
Noble Elementary,San Jose,95132,https://noble.berryessa.k12.ca.us/
Citrus Avenue Elementary,Chico,95926,http://citrus.chicousd.org/
Deer Valley High,Antioch,94531,https://www.antiochschools.net/Domain/27
Jackson Elementary,Jackson,95642,https://amadorcoe.org/schools/jackson-elementary-school/
New Horizons Charter Academy,North Hollywood,91601,https://nhcharteracademy.com/
Futures High,Sacramento,95838,https://www.fhscharter.org/
Donald J. Meyer Elementary,San Jose,95122,https://meyer.arusd.org/
E. J. Marshall Elementary,Chino,91710,https://www.chino.k12.ca.us/Marshall
Castlemont Elementary,Campbell,95008,https://castlemont.campbellusd.org/
Lake View Charter,Orland,95963,https://www.cde.ca.gov/SchoolDirectory/details?cdscode=11625960139550
Boulder Oaks Elementary,Alpine,91901,https://www.alpineschools.net/o/boes/browse/141672
PUC Lakeview Charter High,Sylmar,91342,https://www.pucschools.org/lchs/
Grossmont Secondary,El Cajon,92020,https://grossmontsecondarycharter.com/
Edwin Rhodes Elementary,Chino,91710,https://www.chino.k12.ca.us/Rhodes
Voices College-Bound Language Academy,San Jose,95111,https://voicesacademies.org/
Ezequiel Tafoya Alvarado Academy,Madera,93638,https://www.etaacharter.com/
Jefferson Elementary,Berkeley,94702,https://www.berkeleyschools.net/schools/elementary-schools/jefferson-elementary/
Valleydale Elementary,Azusa,91702,https://www.azusa.org/valleydale
The Language Academy of Sacramento,Sacramento,95817,https://www.lasac.info/
Anaheim High,Anaheim,92805,https://anaheimhs.org/
Fallsvale,Forest Falls,92339,https://www.cde.ca.gov/SchoolDirectory/details?cdscode=36678436036495
Animo City of Champions Charter High,Inglewood,90305,https://ca.greendot.org/champions/
Esencia Middle,Rancho Mission Viejo,92694,https://esencia-capousd-ca.schoolloop.com/
Clayton Valley Charter High,Concord,94521,https://www.claytonvalley.org/
Burbank USD Community Day,Burbank,91502,https://www.burbankusd.org/CDS
Butteville Elementary,Weed,96094,https://www.butteville.k12.ca.us/
Roseland Charter,Santa Rosa,95407,https://www.cde.ca.gov/SchoolDirectory/details?cdscode=49709040101923
Clovis Community Day Elementary,Clovis,93611,https://ccds.cusd.com/
Barstow High,Barstow,92311,http://barstowhighschool.org/
Village,Campbell,95008,https://village.campbellusd.org/
Proctor Elementary,Castro Valley,94546,https://proctor.cv.k12.ca.us/
Aspire College Academy,Oakland,94605,https://aspirepublicschools.org/locations/bay-area/aspire-college-academy/
Collegiate Charter High School of Los Angeles,Los Angeles,90063,http://www.collegiatecharterhighschooloflosangeles.org/
Career Technical Education Charter,Fresno,93703,https://ctec.fcoe.org/home
Design Tech High,Redwood City,94065,https://www.designtechhighschool.org/
Opportunities for Learning - Capistrano,San Juan Capistrano,92675,https://capistrano.oflschools.com/
Hawthorne Elementary,Beverly Hills,90210,https://haw.bhusd.org/
San Clemente High,San Clemente,92673,https://www.sctritons.com/
Samueli Academy,Santa Ana,92706,https://samueliacademy.org/
Jefferson Elementary,Cloverdale,95425,https://cloverdale-ca.schoolloop.com/jefferson-elementary-school
Lone Tree Elementary,Antioch,94531,https://www.antiochschools.net/lonetree
Kennedy Gardens Elementary,Calexico,92231,https://kg.cusdk12.org/
Morrill Middle,San Jose,95132,https://morrill.berryessa.k12.ca.us/
Cesar Chavez Elementary,Calexico,92231,https://cc.cusdk12.org/
All Tribes Charter,Valley Center,92082,https://www.alltribescharter.org/
Blackford Elementary,San Jose,95125,https://blackford.campbellusd.org/
Amelia Earhart Elementary,Alameda,94502,https://earhart-alamedausd-ca.schoolloop.com/
Camino Nuevo High #2,Los Angeles,90004,https://www.cde.ca.gov/schooldirectory/details?cdscode=19647330127910
Alta Sierra Intermediate,Clovis,93611,https://altasierra.cusd.com/
River Bluff Elementary,Fresno,93722,https://rb.centralunified.org/
TEACH Tech Charter High,Los Angeles,90047,https://tech.teachpublicschools.org/
Santa Margarita Elementary,Santa Margarita,93453,http://sm.atasusd.org/
Plum Valley Elementary,Paynes Creek,96075,https://www.cde.ca.gov/SchoolDirectory/details?cdscode=52714726053615
Biola-Pershing Elementary,Fresno,93723,https://bp.centralunified.org/
Strawberry Elementary,Santa Rosa,95405,https://www.bvusd.org/strawberry
Da Vinci Connect,Hawthorne,90250,https://www.davincischools.org/schools/da-vinci-connect-tk-8/
EV Cain Middle,Auburn,95603,https://evcain.auburn.k12.ca.us/
Ednovate - Brio College Prep,Los Angeles,90017,https://www.ednovate.org/brio
Roosevelt (Theodore) Elementary,Anaheim,92805,https://anaheimelementary.org/roosevelt/
Gladstone Elementary,San Dimas,91773,https://gl.bonita.k12.ca.us/
Palomar Elementary,Chula Vista,91911,http://schools.cvesd.org/schools/palomar/Pages/default.aspx
El Camino Real Charter High,Woodland Hills,91367,https://www.ecrchs.net/
Joel J. Hidahl Elementary,Ceres,95307,https://hidahl.ceres.k12.ca.us/
Castro Valley Elementary,Castro Valley,94546,https://cve.cv.k12.ca.us/
Aspire Slauson Academy Charter,Los Angeles,90003,https://aspirepublicschools.org/locations/los-angeles/aspire-slauson-academy/
Allen (Ella B.) Elementary,Bonita,91902,https://www.greatschools.org/california/bonita/5824-Allen-Ella-B.-Elementary-School/
Ceiba College Preparatory Academy,Watsonville,95076,https://www.ceibaschools.org/
Magnolia Elementary,Carlsbad,92008,https://mes-cusd-ca.schoolloop.com/
Fremont Elementary,Bakersfield,93307,https://fremont.bcsd.com/
Glen H. Dysinger Sr. Elementary,Buena Park,90620,https://www.greatschools.org/california/buena-park/3677-Glen-H.-Dysinger-Sr.-Elementary-School/
Montgomery Middle,El Cajon,92019,https://www.cajonvalley.net/montgomery
Frank West Elementary,Bakersfield,93304,https://frankwest.bcsd.com/
Phoenix High Community Day,Lancaster,93535,https://www.cde.ca.gov/SchoolDirectory/details?cdscode=19642461995968
Harding Elementary,Bakersfield,93306,https://harding.bcsd.com/
Sunrise Middle,San Jose,95116,https://sunrisemiddle.org/home/
Palisades High (Continuation),Calistoga,94515,https://www.cde.ca.gov/schooldirectory/details?cdscode=28662412830065
Moreno High (Continuation),Beverly Hills,90212,https://mhs.bhusd.org/
Roy W. Loudon Elementary,Bakersfield,93313,https://www.greatschools.org/california/bakersfield/1333-Roy-W.-Loudon-Elementary-School/
Bellevue Elementary,Santa Rosa,95407,https://www.busd.org/bellevue
Arthur S. Dudley Elementary,Antelope,95843,https://dudley.centerusd.org/
Aspire Summit Charter Academy,Modesto,95351,https://aspirepublicschools.org/locations/central-valley/aspire-summit-charter-academy/
Ronald Reagan Elementary,Bakersfield,93311,https://www.greatschools.org/california/bakersfield/1337-Ronald-Reagan-Elementary-School/
Charter School of San Diego,San Diego,92121,https://www.greatschools.org/california/san-diego/11111-Charter-School-Of-San-Diego/
River Montessori Elementary Charter,Petaluma,94954,https://www.rivermontessoricharter.org/
Clarksville Charter,El Dorado Hills,95762,https://clarksvillecharter.org/
Black Butte Junior High,Shingletown,96088,http://www.blackbutteschool.org/
Barstow Junior High,Barstow,92311,https://www.barstow.k12.ca.us/BJHS/
Charles Bursch Elementary,Baldwin Park,91706,https://www.burschbulldogs.net/
Orchard Park,Oakley,94561,https://www.antiochschools.net/orchardpark
KIPP Sol Academy,Los Angeles,90022,https://www.kipp.org/school/kipp-sol-academy/
San Benito Elementary,Atascadero,93422,https://sb.atasusd.org/
Ross Valley Charter,Fairfax,94930,https://rossvalleycharter.org/
KIPP Empower Academy,Los Angeles,90003,https://www.kipp.org/school/kipp-empower-academy/
Westport Elementary,Modesto,95358,https://wp.ceres.k12.ca.us/
Black Diamond Middle,Antioch,94531,https://www.antiochschools.net/Domain/23
Westmont High,Campbell,95008,https://westmont.cuhsd.org/
George Washington Elementary,Burbank,91504,https://www.burbankusd.org/gwes
Nord Country,Chico,95973,http://www.nordcountryschool.org/
Santa Fe Fundamental,Baldwin Park,91706,https://santafe.bpusd.net/
Chase Avenue Elementary,El Cajon,92020,https://www.cajonvalley.net/chase
Elwin Elementary,Baldwin Park,91706,https://elwin.bpusd.net/
Ralph Emerson Elementary,Burbank,91501,https://www.burbankusd.org/rees
Dr. Douglas K. Fletcher Elementary,Bakersfield,93306,https://fletcher.bcsd.com/
Center Middle,Azusa,91702,https://www.azusa.org/center
George B. Miller Elementary,La Palma,90623,https://ml.cesd.k12.ca.us/
Walter White Elementary,Ceres,95307,https://ww.ceres.k12.ca.us/
Woodcrest Junior High,Ontario,91761,https://www.chino.k12.ca.us/Woodcrest
Marshall (Thurgood) Elementary,Chula Vista,91914,http://schools.cvesd.org/schools/marshall/Pages/default.aspx
Bullis Charter,Los Altos,94022,http://www.bullischarterschool.com/
Michael G. Wickman Elementary,Chino Hills,91709,https://www.chino.k12.ca.us/Wickman
Options for Youth-Victorville Charter,Victorville,92392,https://ofy.org/
Calaveras High,San Andreas,95249,https://chs.custudents.net/
Thomas Edison Elementary,Burbank,91506,https://www.burbankusd.org/tees
San Jacinto Valley Academy,San Jacinto,92583,https://www.sjva.net/
Summit Public School: Denali,Sunnyvale,94089,https://summitps.org/our-schools/summit-denali-sunnyvale/
Animo Pat Brown,Los Angeles,90001,https://ca.greendot.org/patbrown/
Knowledge Enlightens You (KEY) Academy,Hayward,94541,https://www.keyacademycharter.org/
Madison Elementary,Fresno,93706,https://ma.centralunified.org/
Rosebank Elementary,Chula Vista,91911,http://schools.cvesd.org/schools/rosebank/Pages/Home.aspx
BUSD School of Opportunity,Barstow,92311,https://www.cde.ca.gov/SchoolDirectory/details?cdscode=36676110124628
Journey,Aliso Viejo,92656,https://www.journeyschool.net/
Learning Choice Academy,San Diego,92131,https://www.learningchoice.org/
Independent Elementary,Castro Valley,94552,https://independent.cv.k12.ca.us/
Banta Elementary,Tracy,95304,http://bes.bantaesd.net/
Peggy Heller Elementary,Atwater,95301,https://www.peggyheller.school/
ACE Inspire Academy,San Jose,95112,https://www.acecharter.org/our-story/ace-inspire-academy/
Rocketship Mateo Sheedy Elementary,San Jose,95110,https://www.rocketshipschools.org/schools/mateo-sheedy-elementary/
Oak Meadow Elementary,El Dorado Hills,95762,https://www.buckeyeusd.org/omes
Wallis Annenberg High,Los Angeles,90037,https://www.accelerated.org/our-schools/wahs/
Bill E. Young Jr. Middle,Calipatria,92233,https://byms.calipatriahornets.org/
Discovery Charter,Chula Vista,91910,http://schools.cvesd.org/schools/discovery/Pages/default.aspx
Bella Mente Montessori Academy,Vista,92083,https://bellamentecharter.org/
River Islands Technology Academy II,Lathrop,95330,https://www.riacademies.net/
Cloverdale High,Cloverdale,95425,https://cloverdale-ca.schoolloop.com/cloverdale-high-school
Ramon Garza Elementary,Bakersfield,93306,https://garza.bcsd.com/
Mickey Cox Elementary,Clovis,93611,https://cox.cusd.com/
Anderson Heights Elementary,Anderson,96007,https://ah.cuesd.com/
Cesar Chavez Junior High,Ceres,95307,https://chavez.ceres.k12.ca.us/
Empowering Possibilities International Charter,West Sacramento,95691,https://www.gcccharters.org/epics
Albert Einstein Academy Charter Middle,San Diego,92102,https://www.aeacms.org/
Foothill Leadership Academy,Sonora,95370,https://www.cde.ca.gov/SchoolDirectory/details?cdscode=55105530129346
Cole Elementary,Clovis,93612,https://cole.cusd.com/
Las Flores Home Education Independent Study Academy,Bellflower,90706,https://www.busd.k12.ca.us/lasfloreseducationalcenter
Butte Valley High,Dorris,96023,http://bvalusd.org/
Renaissance,Brawley,92227,https://www.brawleyhigh.org/site/default.aspx?PageType=3&ModuleInstanceID=588&ViewID=C9E0416E-F0E7-4626-AA7B-C14D59F72F85&RenderLoc=0&FlexDataID=686&PageID=20
Lucas Elementary,Ceres,95307,https://lucas.ceres.k12.ca.us/
American Indian Public Charter II,Oakland,94607,https://www.aimsk12.org/
Empower,El Cajon,92020,https://www.cajonvalley.net/empoweracademy
Banning High,Banning,92220,https://bhs.banning.k12.ca.us/
Franklin (Benjamin) Elementary,Anaheim,92805,https://anaheimelementary.org/franklin/
Bolinas-Stinson Elementary,Bolinas,94924,https://www.bolinas-stinson.org/
Lynhaven Elementary,San Jose,95117,https://lynhaven.campbellusd.org/
Glen Oak Elementary,Covina,91724,https://www.cousd.net/glenoak
Clovis Online Charter,Clovis,93611,https://onlineschool.cusd.com/
Sky Mountain Charter,Placerville,95667,https://skymountaincs.org/
Valley Oak Charter,Ojai,93023,https://www.greatschools.org/california/ojai/12258-Valley-Oak-Charter-School/
Phillip M. Stokoe Elementary,Riverside,92505,https://www.alvordschools.org/stokoe
Oso Grande Elementary,Ladera Ranch,92694,https://ogres-capousd-ca.schoolloop.com/
Yosemite-Wawona Elementary Charter,Wawona,95389,https://www.yosemitewawonacharter.org/
Ruth Musser Middle,Rancho Cucamonga,91730,https://rmms-csd-ca.schoolloop.com/
Higher Learning Academy,Sacramento,95838,https://www.hlacharter.org/
Dool Elementary,Calexico,92231,https://dl.cusdk12.org/
Lexington Elementary,El Cajon,92019,https://www.cajonvalley.net/lexington
La Verne Heights Elementary,La Verne,91773,https://lv.bonita.k12.ca.us/
California Connections Academy@Central,Alpaugh,93201,https://www.cde.ca.gov/schooldirectory/details?cdscode=54718030112458
N.E.W. Academy of Science and Arts,Los Angeles,90017,https://newnasa.org/
Silver Oak High Public Montessori Charter,Hayward,94541,http://silveroakmontessori.org/
Fremont Primary,Calipatria,92233,https://fps.calipatriahornets.org/
Edison (Thomas) Elementary,Anaheim,92805,https://anaheimelementary.org/edison/
Natomas Charter,Sacramento,95835,https://www.natomascharter.org/
Beverly Hills High,Beverly Hills,90212,https://en.wikipedia.org/wiki/Beverly_Hills_High_School
Capri Elementary,Campbell,95008,https://capri.campbellusd.org/
Howard Cattle Elementary,Chino,91710,https://www.chino.k12.ca.us/Cattle
Valley Charter Middle,Van Nuys,91405,https://www.valleycharterschool.org/
Watsonville Prep,Watsonville,95076,https://www.watsonvilleprep.org/
Charter Montessori Valley View Campus,El Dorado Hills,95762,https://www.buckeyeusd.org/vvcm
Arts in Action Community Middle,Los Angeles,90023,https://www.artsinactioncharter.org/
Pivot Charter School - North Bay,Santa Rosa,95403,https://www.pivotnorthbay.com/
Paradise Charter Middle,Paradise,95928,https://www.cde.ca.gov/SchoolDirectory/details?cdscode=04615316112999
Alicia Cortez Elementary,Chino,91710,https://www.chino.k12.ca.us/Cortez
Bert Corona Charter,Pacoima,91331,http://bccs.ypics.org/
Darnall Charter,San Diego,92115,https://www.darnallcharter.org/
Alpaugh Elementary,Alpaugh,93201,https://alpaughusd.com/
Elmer Wood Elementary,Atwater,95301,https://www.elmerwood.school/
Fesler (Isaac) Junior High,Santa Maria,93454,https://fejh-smbsd-ca.schoolloop.com/
California School of the Arts - San Gabriel Valley,Duarte,91010,https://sgv.csarts.net/
Renu Hope Preschool,Banning,92220,https://www.renuhope.org/
Century Elementary,Clovis,93611,https://century.cusd.com/
Philip J. Reilly Elementary,Mission Viejo,92692,https://pres-capousd-ca.schoolloop.com/
Atascadero High,Atascadero,93422,http://ahs.atasusd.org/
Oak Mesa Elementary,La Verne,91750,https://om.bonita.k12.ca.us/
Summit Public School: Tamalpais,Richmond,94806,https://summitps.org/our-schools/summit-tamalpais-richmond/
Oakdale,Chico,95926,http://oakdale.chicousd.org/
Shaffer Elementary,Atwater,95301,https://www.shaffer.school/
Clovis Elementary,Clovis,93611,https://cloviselem.cusd.com/
Vista Real Charter High,Oxnard,93030,https://vrchs.org/
North Oakland Community Charter,Oakland,94608,https://www.noccs.org/
Mirus Secondary,Hesperia,92345,https://miruscharter.com/
Los Altos Elementary,San Diego,92154,http://schools.cvesd.org/schools/losaltos/Pages/Home.aspx
Prospect High,Saratoga,95070,https://prospect.cuhsd.org/
Loma Vista Middle,Riverside,92505,https://www.alvordschools.org/lomavista
Flying Hills School of Arts,El Cajon,92020,https://www.cajonvalley.net/flyinghills
Vista Norte Public Charter,Rialto,92376,https://vistanortecharter.org/
Calavera Hills Elementary,Carlsbad,92008,https://ches.schoolloop.com/
Animo Compton Charter,Los Angeles,90061,https://ca.greendot.org/compton/
La Sierra High,Riverside,92505,https://www.alvordschools.org/lasierra
Aliso Viejo Middle,Aliso Viejo,92656,https://avms-capousd-ca.schoolloop.com/
Temecula Valley Charter,Winchester,92596,https://www.tvcscougars.com/
Heritage Peak Charter,Rio Linda,95673,https://pacificcharters.org/about/schools/heritagepeakcharterschool/
Jensen Ranch Elementary,Castro Valley,94552,https://jensenranch.cv.k12.ca.us/
Community Day,Claremont,91711,https://www.greatschools.org/california/claremont/14015-Community-Day-School/
GANAS Academy,Carson,90745,https://www.cde.ca.gov/SchoolDirectory/details?cdscode=19647330139014
Bret Harte Union High,Angels Camp,95221,https://bhhs-bhuhsd-ca.schoolloop.com/
Sanchez (David J.) Elementary,Santa Maria,93458,https://sa-smbsd-ca.schoolloop.com/
Academia Moderna,Walnut Park,90255,https://www.greatschools.org/california/walnut-park/25078-Academia-Moderna/
Metro Charter,Los Angeles,90031,https://www.greatschools.org/california/los-angeles/27301-Metro-Charter-Elementary/
Carroll Fowler Elementary,Ceres,95307,https://cf.ceres.k12.ca.us/
CATCH Prep Charter High Inc.,Los Angeles,90008,https://www.catchhighschool.com/
Six Rivers Charter High,Arcata,95521,https://sixriverscharter.nohum.org/
Harborside Elementary,Chula Vista,91911,http://schools.cvesd.org/schools/harborside/Pages/home.aspx
Ben Painter Elementary,San Jose,95133,https://painter.arusd.org/
Chaparral Elementary,Claremont,91711,https://ces-claremont-ca.schoolloop.com/
Battles (Washington) Elementary,Santa Maria,93454,https://www.greatschools.org/california/santa-maria/4907-Battles-Washington-Elementary-School/
New West Charter,Los Angeles,90025,https://www.newwestcharter.org/
KIPP Los Angeles College Preparatory,Los Angeles,90023,https://www.kipp.org/school/kipp-la-college-preparatory-school/
Miramonte Elementary,Clovis,93611,https://miramonte.cusd.com/
Eagle Canyon Elementary,Chino Hills,91709,https://www.chino.k12.ca.us/EagleCanyon
Lauderbach (J. Calvin) Elementary,Chula Vista,91911,http://schools.cvesd.org/schools/lauderbach/Pages/default.aspx
Dona Merced Elementary,Rancho Cucamonga,91730,https://dmes-csd-ca.schoolloop.com/
Union Street Charter,Arcata,95521,https://unionstreetcharter.org/
Orange County Educational Arts Academy,Santa Ana,92701,https://oceaa.org/
Brookhurst Junior High,Anaheim,92801,https://brookhurst.org/
Ontario High,Ontario,91762,http://www.ohs-cjuhsd-ca.schoolloop.com/cms/week?d=x&group_id=1292149104803&week_id=1362124800000&return_url=1361572493927
Richvale Elementary,Richvale,95974,https://res.biggs.org/
Wilder's Preparatory Academy Charter,Inglewood,90302,https://www.wpacs.com/
Ipakanni Early College Charter,Oroville,95966,https://www.ipakanni.com/
Dickson Elementary,Chino,91710,https://www.chino.k12.ca.us/Dickson
Scholarship Prep,Santa Ana,92706,https://santa-ana.scholarshipschools.org/
Rocketship Redwood City,Redwood City,94061,https://www.rocketshipschools.org/schools/redwood-city-prep/
Equitas Academy 4,Los Angeles,90005,https://www.cde.ca.gov/SchoolDirectory/details?cdscode=19647330133686
Woodward Leadership Academy,San Bernardino,92411,https://www.woodwardleadershipacademy.com/
Fremont Elementary,Antioch,94509,https://www.antiochschools.net/fremont
Mary L. Booker Leadership Academy,San Francisco,94115,https://www.cde.ca.gov/SchoolDirectory/details?cdscode=38772300138842
Chino Hills High,Chino Hills,91709,https://www.chino.k12.ca.us/ChinoHills
Synergy Quantum Academy,Los Angeles,90011,https://www.synergyquantumacademy.org/
Foothill Middle,Azusa,91702,https://www.cde.ca.gov/SchoolDirectory/details?cdscode=19642796011258
Leigh High,San Jose,95124,https://leigh.cuhsd.org/
Mountain View Learning Academy,Alpine,91901,https://www.alpineschools.net/o/mvla
Animo Jefferson Charter Middle,Los Angeles,90011,https://ca.greendot.org/jefferson/
Anahuacalmecac International Univ Prep of N. America,Los Angeles,90032,https://www.dignidad.org/
Highland High,Palmdale,93551,https://www.highlandhs.org/
Calistoga Elementary,Calistoga,94515,https://ces.calistogaschools.org/
Holly Drive Leadership Academy,San Diego,92102,https://www.hdla.org/
Fusion Charter,Turlock,95380,https://fc-k12-pt.schoolloop.com/
Cascade High,Dorris,96023,https://www.greatschools.org/california/dorris/7164-Cascade-High-School/
Blue Oak Charter,Chico,95926,https://blueoakcharterschool.org/
Hope Elementary,Carlsbad,92008,https://hope.schoolloop.com/
Creekside Early Learning Center,Alpine,91901,https://www.alpineschools.net/o/celc/page/school-hours--110
Century Community Charter,Inglewood,90301,http://centurycommunitycharter.weebly.com/
Ednovate - Legacy College Prep.,Santa Ana,92705,https://www.ednovate.org/legacy
SAVA - Sacramento Academic and Vocational Academy,Sacramento,95834,https://savacharterschool.org/
Central City Value,Los Angeles,90004,https://www.cde.ca.gov/SchoolDirectory/details?cdscode=19647330100800
California STEAM Santa Barbara,Ontario,91764,https://www.cde.ca.gov/schooldirectory/details?cdscode=42750100134866
Tracy Elementary,Baldwin Park,91706,https://tracy.bpusd.net/
Voorhies Elementary,Bakersfield,93306,https://voorhies.bcsd.com/
Stratford Elementary,Stratford,93266,http://stratford.central.k12.ca.us/
McClellan High (Continuation),Antelope,95843,https://mhs.centerusd.org/
Central Elementary,Baldwin Park,91706,https://central.bpusd.net/
Citizens of the World Charter School Silver Lake,Los Angeles,90026,https://www.cwcsilverlake.org/
Gladstone High,Covina,91722,https://www.azusa.org/Gladstone
KIPP Academy of Innovation,Los Angeles,90023,https://www.kipp.org/school/kipp-academy-of-innovation/
Farallone View Elementary,Montara,94037,https://faralloneview.cabrillo.k12.ca.us/
Alameda Science and Technology Institute,Alameda,94501,https://asti-alamedausd-ca.schoolloop.com/
Adult Transition Program,San Dimas,91773,https://www.greatschools.org/california/san-dimas/32040-Adult-Transition-Program/
Shasta Charter Academy,Redding,96001,https://www.sca-edu.org/
Pacific Springs Charter,Chula Vista,91913,https://springscs.org/announcements/pacific-springs-charter-school
Century Academy for Excellence,Inglewood,90305,https://centuryacademy.org/
ACE Empower Academy,San Jose,95116,https://www.acecharter.org/our-story/ace-empower-academy/
Children of Promise Preparatory Academy,Inglewood,90303,https://www.childrenofpromiseschools.com/
Fancher Creek Elementary,Fresno,93727,https://fanchercreek.cusd.com/
SAVA - Sacramento Academic and Vocational Academy - EGUSD,Elk Grove,95758,https://savacharterschool.org/sava-charter-school-elk-grove/
Richmond College Preparatory,Richmond,94804,http://www.rcpschools.org/
Shorecliffs Middle,San Clemente,92672,https://shorecliffs.schoolloop.com/
River Oak Charter,Ukiah,95482,https://www.cde.ca.gov/SchoolDirectory/details?cdscode=23656150115055
Gerald F. Litel Elementary,Chino Hills,91709,https://www.chino.k12.ca.us/Litel
R. Rex Parris High,Palmdale,93550,https://www.rrexparrishs.org/
KIPP Vida Preparatory Academy,Los Angeles,90037,https://www.kippsocal.org/vida
Alvina Elementary Charter,Caruthers,93609,https://www.alvinaelementaryschool.org/
Ramona Junior High,Chino,91710,https://www.chino.k12.ca.us/Ramona
Marsh Elementary,Antioch,94509,https://www.antiochschools.net/marsh
Rice (Lilian J.) Elementary,Chula Vista,91911,https://rice.cvesd.org/
Buena Vista Elementary,Bakersfield,93311,http://www.pbvusd.k12.ca.us/
Rancheria Continuation,Boonville,95415,https://www.avusd.k12.ca.us/domain/26
Bessie E. Owens Intermediate,Bakersfield,93305,https://owensintermediate.bcsd.com/
Orangeview Junior High,Anaheim,92804,https://orangeview.auhsd.us/
Foster Elementary,Baldwin Park,91706,https://foster.bpusd.net/
Poinsettia Elementary,Carlsbad,92009,https://pes-cusd-ca.schoolloop.com/
Aspire Juanita Tate Academy Charter,Los Angeles,90003,https://aspirepublicschools.org/locations/los-angeles/aspire-tate-academy/
PUC Milagro Charter,Los Angeles,90031,https://www.pucschools.org/milagro/
Dolores S. Whitley Elementary,Bakersfield,93313,https://www.cde.ca.gov/schooldirectory/details?cdscode=15633620136713
Armona Elementary,Armona,93202,https://www.auesd.com/
Ernest R. Geddes Elementary,Baldwin Park,91706,https://geddes.bpusd.net/
Mountain View Middle,Beaumont,92223,https://mvms.beaumontusd.us/
Baldwin Lane Elementary,Big Bear City,92314,https://bles.bearvalleyusd.org/
Olive Grove Charter - Lompoc,Lompoc,93436,https://olivegrovecharter.org/locations/lompoc/
Magnolia Science Academy 6,Los Angeles,90034,https://www.msa6.magnoliapublicschools.org/
Magnolia Elementary,El Cajon,92021,https://www.cajonvalley.net/magnolia
Central High (Continuation),Barstow,92311,https://www.barstow.k12.ca.us/District/portal/17-Central-High-School
KIPP Pueblo Unido,Maywood,90270,https://www.kippsocal.org/pueblo
Robert Semple Elementary,Benicia,94510,https://rse.beniciaunified.org/
Meridian Elementary,El Cajon,92019,https://www.cajonvalley.net/meridian
Vincent Academy,Oakland,94607,https://www.vincentacademy.org/
Audeo Charter II,Oceanside,92056,https://audeo2.com/prospective-students/locations/
Canyon Vista Elementary,Aliso Viejo,92656,https://cves-capousd-ca.schoolloop.com/
Discovery Charter Preparatory #2,Sylmar,91342,https://discoveryprep.org/
Granada Hills Charter,Granada Hills,91344,https://www.ghchs.com/
Oakhurst Elementary,Oakhurst,93644,https://www.basslakeschooldistrict.com/domain/19
Chicago Park Elementary,Grass Valley,95945,https://chicagoparkschool.org/
Casa Loma Elementary,Bakersfield,93307,https://casaloma.bcsd.com/
Bear Valley Elementary,Bear Valley,95223,https://www.cde.ca.gov/SchoolDirectory/details?cdscode=02613336002778
Gateway High (Continuation),Chowchilla,93610,https://www.chowchillahigh.k12.ca.us/apps/pages/index.jsp?uREC_ID=1007285&type=d&pREC_ID=1318364
TEAM Charter,Stockton,95202,https://www.team-charter.org/
KIPP Raices Academy,Los Angeles,90022,https://www.kipp.org/school/kipp-raices-academy/
Panama Elementary,Bakersfield,93313,https://www.pbvusd.k12.ca.us/
School of Arts and Enterprise,Pomona,91767,https://www.thesae.k12.ca.us/
Ballington Academy for the Arts and Sciences,El Centro,92243,https://ballingtonacademy.org/
Bonny Doon Elementary,Santa Cruz,95060,https://bduesd.org/
McKinley Elementary,Fresno,93722,https://mk.centralunified.org/
CORE Butte Charter,Chico,95928,https://www.corebutte.org/
Cypress High,Cypress,90630,https://cypress.auhsd.us/
Cayucos Elementary,Cayucos,93430,https://www.cayucosschool.org/
Carl E. Gilbert Elementary,Buena Park,90621,https://gilbert.bpsd.us/
Wagon Wheel Elementary,Coto De Caza,92679,https://wwes-capousd-ca.schoolloop.com/
Castaic Elementary,Castaic,91384,https://ces.castaicusd.com/
Pioneer Elementary,Brentwood,94513,https://pes-brentwood-ca.schoolloop.com/
Accelerated,Los Angeles,90037,http://www.accelerated.org/
Myra A. Noble Elementary,Bakersfield,93305,https://noble.bcsd.com/
Branham High,San Jose,95118,https://branham.cuhsd.org/
Laneview Elementary,San Jose,95132,https://laneview.berryessa.k12.ca.us/
Banning PreK,Banning,92220,http://www.banning.k12.ca.us/
Stephen Foster Elementary,Lakewood,90712,https://www.busd.k12.ca.us/stephenfosterelementary
21st Century Learning Institute,Beaumont,92223,https://21cli.beaumontusd.us/
Clovis Community Day Secondary,Clovis,93611,https://ccds.cusd.com/
Alliance Dr. Olga Mohan High,Los Angeles,90015,https://www.mohanhs.org/
Santa Rosa Road Academic Academy,Atascadero,93422,https://sr.atasusd.org/
Johnson Elementary,El Cajon,92020,https://www.cajonvalley.net/johnson
Crossroads Charter,Hanford,93230,https://cca.auesd.com/
Elite Academic Academy - Lucerne,Temecula,92590,https://www.eliteacademic.com/
Capitol Collegiate Academy,Sacramento,95832,https://testcca.weebly.com/
Juarez-Lincoln Elementary,San Diego,92154,http://schools.cvesd.org/schools/juarezlincoln/Pages/default.aspx
iEmpire Academy,San Bernardino,92404,https://epc.realjourney.org/
Classical Academy High,Escondido,92025,http://www.classicalacademy.com/
Grimmway Academy,Arvin,93203,https://www.gaarvin.org/
Blaker-Kinser Junior High,Ceres,95307,https://blaker.ceres.k12.ca.us/
Summerdale Elementary,San Jose,95132,https://summerdale.berryessa.k12.ca.us/
Kings Mountain Elementary,Woodside,94062,https://kingsmountain.cabrillo.k12.ca.us/our_school/about_us
Shasta Elementary,Chico,95926,http://shasta.chicousd.org/
Monarch Learning Center,Redding,96001,https://monarchkids.com/
Haven Drive Middle,Arvin,93203,https://www.arvinschools.com/3/home
Peak to Peak Mountain Charter,Pine Mountain Club,93222,https://peaktopeakmountaincharter.org/
Big Bear Middle,Big Bear Lake,92315,https://bbms.bearvalleyusd.org/
Gilbert High (Continuation),Anaheim,92804,https://gilbert.auhsd.us/
SAVA - Sacramento Academic and Vocational Academy - SCUSD,Sacramento,95820,https://savacharterschool.org/
Maria Montessori Charter Academy,Rocklin,95765,https://www.mmcharter.org/
San Antonio High (Continuation),Claremont,91711,https://www.cde.ca.gov/SchoolDirectory/details?cdscode=19643941931807
John Adams Academy - El Dorado Hills,El Dorado Hills,95762,https://edh.johnadamsacademy.org/
Argus High (Continuation),Ceres,95307,https://argus.ceres.k12.ca.us/
San Dimas High,San Dimas,91773,https://www.sandimashigh.com/
Sparrow Academy,La Mesa,91941,https://www.sparrowschool.org/
Big Picture Educational Academy,Fresno,93706,https://www.bpeducationalacademy.org/
HomeTech Charter,Paradise,95969,https://www.hometech.org/
Sierra Vista Elementary,Clovis,93612,https://sierravista.cusd.com/
San Lauren Elementary,Bakersfield,93308,http://beardsleyschool.org/sles/
San Diego Workforce Innovation High,National City,91950,https://innovationsandiego.org/
Buttonwillow Elementary,Buttonwillow,93206,https://www.buttonwillow.k12.ca.us/
Diego Valley East Public Charter,El Cajon,92021,https://diegovalleyeast.org/
Danbrook Elementary,Anaheim,92804,https://db.cesd.k12.ca.us/
Alliance Cindy and Bill Simon Technology Academy High,Los Angeles,90059,https://www.simontechnology.org/
Mary Casey Black Elementary,Brentwood,94513,https://mcb-brentwood-ca.schoolloop.com/
Kawana Springs Elementary,Santa Rosa,95404,https://www.busd.org/kawana
KIPP Valiant Community Prep,East Palo Alto,94303,https://valiant.kippnorcal.org/
Bella Vista Elementary,Bella Vista,96008,https://www.greatschools.org/california/bella-vista/6459-Bella-Vista-Elementary-School/
Paseo Grande Charter,Sacramento,95838,https://paseograndehs.org/
West Creek Elementary,Victorville,92395,http://www.aesd.net/wce/home
New Opportunities Charter,Inglewood,90301,https://www.newopps.org/
Renaissance Academy,San Jose,95122,https://renaissance.arusd.org/
Phil D. Swing Elementary,Brawley,92227,https://besdswing.sharpschool.net/
Rice (William) Elementary,Santa Maria,93454,https://ri-smbsd-ca.schoolloop.com/
Rancho Learning Center (Alternative),Arcadia,91006,https://rlc.ausd.net/
Oxford Preparatory Academy - South Orange County,Mission Viejo,92692,https://soc.oxfordpreparatoryacademy.com/
Credo High,Rohnert Park,94928,https://www.credohigh.org/
Clemente Charter,Maywood,90270,https://www.cde.ca.gov/SchoolDirectory/details?cdscode=19647330129825
Canyon Middle,Castro Valley,94552,https://canyon.cv.k12.ca.us/
Tournament Hills Elementary,Beaumont,92223,https://the.beaumontusd.us/
EJE Middle Academy,El Cajon,92020,https://www.ejeacademies.org/
Highlands Community Charter,Sacramento,95838,https://www.hccts.org/
Redwood Continuation High,Castro Valley,94546,https://redwood.cv.k12.ca.us/
Odyssey Charter,Altadena,91001,https://odysseycharterschool.org/
Johanna Echols-Hansen High (Continuation),Cloverdale,95425,https://www.scoe.org/pub/school/37
Ararat Charter,Van Nuys,91401,http://www.araratcharterschool.com/
Big Bear High,Big Bear City,92314,https://bbhs.bearvalleyusd.org/
Centinela Valley Independent Study,Lawndale,90260,https://www.centinela.k12.ca.us/apps/pages/index.jsp?uREC_ID=1072630&type=d&pREC_ID=1364233
Valley View High (Continuation),Ontario,91764,https://vvhs.cjuhsd.net/
Summit Charter Academy,Porterville,93257,http://www.summitcharter.org/
La Familia Continuation High,Thermal,92274,https://lfhs.cvusd.us/la-familia-high-school
Da Vinci RISE High,El Segundo,90245,https://www.davincischools.org/schools/da-vinci-rise/
Literacy First Charter,El Cajon,92020,https://www.lfcsinc.org/
Burbank Unified Independent Learning Academy (BUILA),Burbank,91505,https://www.burbankusd.org/ILA
Montgomery (John J.) Elementary,Chula Vista,91911,http://schools.cvesd.org/schools/montgomery/Pages/default.aspx
Aspire Langston Hughes Academy,Stockton,95205,https://lha.aspirepublicschools.org/
Albany Middle,Albany,94706,https://ams.ausdk12.org/
Voices College-Bound Language Academy at Morgan Hill,Morgan Hill,95037,https://voicesacademies.org/schools/voices-morgan-hill/
Stanislaus Alternative Charter,Modesto,95354,https://www.stancoe.org/division/educational-options/come-back-kids
Aspire Gateway Academy Charter,South Gate,90280,https://aspirepublicschools.org/locations/los-angeles/aspire-gateway-academy/
Brea Country Hills Elementary,Brea,92821,https://countryhills.bousd.us/
Louise Sandrini Elementary,Bakersfield,93309,https://www.cde.ca.gov/schooldirectory/details?cdscode=15633626099436
Leo B. Hart Elementary,Bakersfield,93311,https://www.cde.ca.gov/schooldirectory/details?cdscode=15633626107627
Para Los Ni?os Middle,Los Angeles,90021,https://www.paralosninos.org/
Oscar De La Hoya Animo Charter High,Los Angeles,90023,https://ca.greendot.org/odlh/
Rocketship Academy Brilliant Minds,San Jose,95116,https://www.rocketshipschools.org/schools/brilliant-minds/
Lighthouse Community Charter High,Oakland,94621,https://lighthousecharter.org/
Cabrillo Point Academy,El Cajon,92019,https://cabrillopointacademy.org/
High Tech Middle Chula Vista,Chula Vista,91915,https://www.hightechhigh.org/htmcv/
McKinleyville High,McKinleyville,95519,https://mckinleyvillehighschool.nohum.org/
Vista Grande Elementary,El Cajon,92019,https://www.cajonvalley.net/vistagrande
Belridge Elementary,McKittrick,93251,https://belridgeschool.org/
West Valley High,Cottonwood,96022,https://www.cde.ca.gov/schooldirectory/details?cdscode=45698564530028
Mare Island Technology Academy,Vallejo,94589,https://mitacademy.org/
Compass Charter School of Yolo,Thousand Oaks,91361,https://www.cde.ca.gov/SchoolDirectory/details?cdscode=57727020139436
Prospects High (Alternative),Antioch,94509,https://www.antiochschools.net/Domain/29
Thompson Peak Charter,Susanville,96130,https://www.longvalleycs.org/Locations/Thompson-Peak-Susanville/index.html
Wonderful College Prep Academy - Lost Hills,Lost Hills,93249,https://www.wonderfuleducation.org/wonderful-college-prep-academy-losthills
International School for Science and Culture,Costa Mesa,92627,https://www.issaccharter.org/
First Avenue Middle,Arcadia,91006,https://fa.ausd.net/
Twinhill Elementary,Riverside,92505,https://www.alvordschools.org/twinhill
Chrysalis Charter,Palo Cedro,96073,https://www.chrysalischarter.org/
ICEF Vista Elementary Academy,Los Angeles,90066,https://ives.icefps.org/
High Tech Elementary North County,San Marcos,92078,https://www.hightechhigh.org/htenc/
Sierra Vista High,Baldwin Park,91706,https://www.svdons.com/
Calipatria High,Calipatria,92233,https://chs.calipatriahornets.org/
Arellanes (Don Juan Bautista) Elementary,Santa Maria,93455,https://www.cde.ca.gov/SchoolDirectory/details?cdscode=42691206045975
California Virtual Academy @ Sonoma,Simi Valley,93065,https://www.cde.ca.gov/schooldirectory/details?cdscode=49707970107284
Highland Academy,Beaumont,92223,http://www.highland-academy.org/
Fox Elementary,Belmont,94002,https://fox-brssd-ca.schoolloop.com/
Redwood Coast Montessori,Manila,95521,http://www.redwoodcoastmontessori.org/
Bridges Community Day,San Juan Capistrano,92675,https://bridges-capousd-ca.schoolloop.com/
Berrendos Middle,Red Bluff,96080,https://bms-aesd-ca.schoolloop.com/
River Oaks Academy,Westlake Village,91361,https://www.riveroakscharter.com/
Greater San Diego Academy,Jamul,91935,https://www.gsdacademy.com/
Vista Horizon Global Academy,Los Angeles,90006,https://www.vistahorizonglobal.org/
Walker Junior High,La Palma,90623,https://walker.auhsd.us/
Bear Mountain Elementary,Arvin,93203,https://www.arvinschools.com/1/Home
Carmen Dragon Elementary,Antioch,94531,https://www.antiochschools.net/carmendragon
Dr. Lewis Dolphin Stallworth Sr. Charter,Stockton,95205,https://www.stallworthcharter.org/
Bridges,Antioch,94509,https://www.greatschools.org/california/antioch/14067-Bridges-School/
Triumph Academy,Lucerne Valley,92356,https://www.lucernevalleyusd.org/apps/pages/index.jsp?uREC_ID=1676310&type=d&pREC_ID=1809242
Burton Community Day,Porterville,93257,https://www.cde.ca.gov/SchoolDirectory/details?cdscode=54718370110452
Valley Middle,Carlsbad,92008,https://vms.schoolloop.com/
Ladera Ranch Elementary,Ladera Ranch,92694,https://lres-capousd-ca.schoolloop.com/
Hooker Oak Elementary,Chico,95926,http://hookeroak.chicousd.org/
Adams (J. Douglas) Middle,Brentwood,94513,https://ams-brentwood-ca.schoolloop.com/
Heritage Elementary,Chula Vista,91913,http://schools.cvesd.org/schools/heritage/Pages/default.aspx
Jonata Middle,Buellton,93427,http://buelltonjms.sharpschool.net/
Elite Public,Vallejo,94589,https://elitepublicschools.org/
Lincoln (Abraham) Elementary,Anaheim,92805,https://anaheimelementary.org/lincoln/
Love Elementary,Alameda,94501,https://love-alamedausd-ca.schoolloop.com/
California Montessori Project-Shingle Springs Campus,Shingle Springs,95682,http://www.cacmp.org/1/Home
Moulton Elementary,Laguna Niguel,92677,https://mnes-capousd-ca.schoolloop.com/
Yav Pem Suab Academy - Preparing for the Future Charter,Sacramento,95831,https://www.ypsacharter.org/
Robert O. Townsend Junior High,Chino Hills,91709,https://www.chino.k12.ca.us/Townsend
Whitmore Charter High,Ceres,95307,https://wcs.ceres.k12.ca.us/
Hawthorne High,Hawthorne,90250,https://www.hhscougars.org/
Aspire Alexander Twilight College Preparatory Academy,Sacramento,95821,https://aspirepublicschools.org/locations/central-valley/aspire-alexander-twilight-college-preparatory-academy/
Parkview Elementary,Chula Vista,91911,http://schools.cvesd.org/schools/parkview/Pages/default.aspx
Chabot Elementary,Castro Valley,94546,https://chabot.cv.k12.ca.us/
Mojave River Academy - Rockview Park,Hesperia,92345,http://www.mojaveriver.net/charters/rockview_park
Gladstone Street Elementary,Azusa,91702,https://www.cde.ca.gov/schooldirectory/details?cdscode=19642796011266
Aspire University Charter,Modesto,95351,https://aspirepublicschools.org/locations/central-valley/aspire-university-charter-school/
Alta Vista Elementary,Porterville,93257,https://www.altavistaesd.org/
Harold Ambuehl Elementary,San Juan Capistrano,92675,https://abes-capousd-ca.schoolloop.com/
Vista del Valle Elementary,Claremont,91711,https://vis-claremont-ca.schoolloop.com/
SOAR High (Students On Academic Rise),Lancaster,93536,https://www.soarhs.org/
Lighthouse Community Charter,Oakland,94621,https://lighthousecharter.org/
Carpinteria Middle,Carpinteria,93013,https://cms.cusd.net/
Pathway Community Day,Fresno,93706,https://pcds.centralunified.org/
STEM Preparatory Elementary,Los Angeles,90007,http://www.stemprepelementary.org/
Academy for Change,Chico,95926,http://afc.chicousd.org/
Chula Vista Hills Elementary,Chula Vista,91910,http://schools.cvesd.org/schools/chulavistahills/Pages/default.aspx
Arlanza Elementary,Riverside,92503,https://www.alvordschools.org/arlanza
Heartwood Charter,Petaluma,94952,https://heartwoodcharterschool.org/
Henry (Patrick) Elementary,Anaheim,92801,https://anaheimelementary.org/henry/
Barton (Clara) Elementary,Anaheim,92804,https://anaheimelementary.org/barton/
Del Mar High,San Jose,95128,https://delmar.cuhsd.org/
Creative Arts Charter,San Francisco,94115,https://creativeartscharter.org/
Rocketship Mosaic Elementary,San Jose,95122,https://www.rocketshipschools.org/schools/mosaic-elementary/
Savant Preparatory Academy of Business,San Bernardino,92404,https://savantprepacademy.com/
Uplift California North Charter,Ontario,91764,https://www.cde.ca.gov/SchoolDirectory/details?cdscode=27659790136218
Baypoint Preparatory Academy,Hemet,92544,https://www.baypointacademy.org/
Global Education Academy 2,Los Angeles,90019,https://www.geaschool.com/apps/pages/index.jsp?uREC_ID=329839&type=d&pREC_ID=737492
Barbara Worth Junior High,Brawley,92227,http://besdbarbara.sharpschool.net/home
Leo G. Pauly Elementary,Bakersfield,93304,https://pauly.bcsd.com/
Cal Aero Preserve Academy,Chino,91708,https://www.chino.k12.ca.us/CalAero
Olive Street Elementary,Anaheim,92805,https://anaheimelementary.org/olive/
McMillin (Corky) Elementary,Chula Vista,91913,http://schools.cvesd.org/schools/mcmillin/Pages/default.aspx
Bogus Elementary,Montague,96064,https://www.bogus.k12.ca.us/
Brea-Olinda High,Brea,92821,https://bohs.bousd.us/
Carl Hankey Elementary,Mission Viejo,92692,https://chhawks.schoolloop.com/
Rocketship Delta Prep,Antioch,94509,https://www.rocketshipschools.org/schools/deltaprep/
Wilson Middle,Chowchilla,93610,https://www.chowchillaelem.k12.ca.us/domain/188
Encore High School for the Arts - Riverside,Riverside,92501,https://www.encorehighschool.com/
La Vida Charter,Willits,95490,http://lavidaschool.org/
Community Collaborative Virtual - Keppel Partnership Academy,San Marcos,92078,https://www.greatschools.org/california/san-marcos/32604-Community-Collaborative-Virtual---Keppel-Partnership-Academy/
Dixon Montessori Charter,Dixon,95620,http://www.dixonmontessori.org/
Cabazon Elementary,Cabazon,92230,https://cabazon.banning.k12.ca.us/
Creston Elementary,Creston,93432,https://www.cde.ca.gov/schooldirectory/details?cdscode=40687006042915
Garfield Elementary,Clovis,93611,https://garfield.cusd.com/
ICEF View Park Preparatory High,Los Angeles,90043,http://vpms.icefps.org/
Grimmway Academy Shafter,Shafter,93263,https://www.gashafter.org/
California Connections Academy North Bay,Middletown,95461,https://www.cde.ca.gov/SchoolDirectory/details?cdscode=17640550129601
Emerson Middle,Bakersfield,93304,https://emerson.bcsd.com/
Architecture Construction & Engineering Charter High (ACE),Camarillo,93010,https://www.acecharterhigh.org/
Glenmeade Elementary,Chino Hills,91709,https://www.chino.k12.ca.us/Glenmeade
Fresno Flats Community Day,Ahwahnee,93601,https://www.basslakeschooldistrict.com/domain/17
ICEF View Park Preparatory Middle,Los Angeles,90043,https://vpms.icefps.org/
Chaffey District Online High,Ontario,91764,https://cdohs.cjuhsd.net/
Sierra Vista Elementary,Arvin,93203,https://www.arvinschools.com/4/home
Sierra Middle,Bakersfield,93306,https://sierra.bcsd.com/
Fremont Elementary,Salinas,93905,https://www.alisal.org/fremont
Jardin de la Infancia,Los Angeles,90014,https://www.cde.ca.gov/schooldirectory/details?cdscode=19101990106880
Lipman Middle,Brisbane,94005,http://www.brisbanesd.org/lipman-middle-school
Opportunities for Learning - Baldwin Park,Irwindale,91706,https://www.cde.ca.gov/schooldirectory/details?cdscode=19642871996479
Los Coches Creek Middle,El Cajon,92021,https://www.cajonvalley.net/loscochescreek
Columbia Middle,Adelanto,92301,https://www.aesd.net/cms/home
Coastal Academy Charter,Oceanside,92056,http://www.classicalacademy.com/
Mitchell Intermediate,Atwater,95301,https://www.greatschools.org/california/atwater/3354-Mitchell-Intermediate-School/
Oak Park Preparatory Academy,Sacramento,95817,https://www.cde.ca.gov/schooldirectory/details?cdscode=34674390125591
New Los Angeles Charter,Los Angeles,90016,https://www.newlosangeles.org/
Valley View Elementary,Riverside,92505,https://www.alvordschools.org/valleyview
Miguel Hidalgo Elementary,Brawley,92227,http://besdhidalgo.sharpschool.net/home
Longfellow Elementary,Bakersfield,93305,https://longfellow.bcsd.com/
Castaic Middle,Castaic,91384,https://cms.castaicusd.com/
Captain Cooper Elementary,Big Sur,93920,https://www.carmelunified.org/cooper
Oakland Military Institute College Preparatory Academy,Oakland,94608,https://www.oakmil.org/
REACH Leadership STEAM Academy,Riverside,92507,https://www.reachroyals.org/
Camarillo Academy of Progressive Education,Camarillo,93010,http://www.camarillocharter.org/
McKinley Elementary,Burlingame,94010,https://mes-bsd-ca.schoolloop.com/
Virginia Parks Elementary,Modesto,95351,https://vp.ceres.k12.ca.us/
Soleil Academy Charter,Lynwood,90262,http://www.soleilacademy.org/
Online Academy - Sonoma County,Cloverdale,95425,https://oasc-cloverdale-ca.schoolloop.com/
Houghton-Kearney Elementary,Fresno,93706,https://hk.centralunified.org/
Goethe International Charter,Los Angeles,90066,https://www.goethecharterschool.org/
Meadow Lane Elementary,Anderson,96007,https://ml.cuesd.com/
Buena Vista Elementary,Tulare,93274,https://www.buenavistaeagles.org/
John Henry High,Richmond,94804,https://jhhs.amethodschools.org/
Stella Elementary Charter Academy,Los Angeles,90016,https://www.brightstarschools.org/seca
California Connections Academy Monterey Bay,Scotts Valley,95066,https://www.cde.ca.gov/SchoolDirectory/details?cdscode=44754320139410
Excelencia Charter Academy,Los Angeles,90023,https://www.cde.ca.gov/SchoolDirectory/details?cdscode=19647330137554
Equitas Academy #3 Charter,Los Angeles,90015,https://eq3.equitasacademy.org/
LA's Promise Charter Middle #1,Los Angeles,90062,https://lapcms.org/
Gilroy Prep (a Navigator School),Gilroy,95020,https://www.gilroyprep.org/
Peak Prep Pleasant Valley,Rocklin,95765,https://www.cde.ca.gov/SchoolDirectory/details?cdscode=56725530139592
Rosa Parks Environmental Science,Berkeley,94710,https://www.greatschools.org/california/berkeley/26-Rosa-Parks-Environmental-Science-Magnet-School/
Fammatre Elementary,San Jose,95124,https://www.cambriansd.org/fammatre
Burton Elementary,Porterville,93257,https://www.burtonschools.org/domain/8
Farnham Charter,San Jose,95124,https://www.greatschools.org/california/san-jose/5407-Farnham-Charter-School/
Northern United - Humboldt Charter,Eureka,95503,http://www.nucharters.org/
Lassen-Antelope Volcanic Academy (LAVA),Red Bluff,96080,https://www.cde.ca.gov/schooldirectory/details?cdscode=52714720134403
Anderson Valley Elementary,Boonville,95415,https://www.avusd.k12.ca.us/avelementary
Rosemary Kennedy Elementary,Riverside,92505,https://www.alvordschools.org/rmk
Bay View Academy,Monterey,93940,https://www.bayview-academy.org/
Animo Florence-Firestone Charter Middle,Los Angeles,90003,https://ca.greendot.org/florence-firestone/
River Charter Schools Lighthouse Charter,West Sacramento,95605,https://www.lighthousecharterschool.org/
Los Angeles Leadership Primary Academy,Los Angeles,90031,http://www.laleadership.org/
Lancaster High,Lancaster,93536,https://www.lancasterhs.org/
Chipman Junior High,Bakersfield,93306,https://chipman.bcsd.com/
YouthBuild Charter School of California,Los Angeles,90015,https://www.youthbuildcharter.org/
Camino Polytechnic,Camino,95709,https://www.caminoschool.org/charter-school-cf2e4566
Lincoln Middle,Alameda,94501,https://lms-alamedausd-ca.schoolloop.com/
Antioch Middle,Antioch,94509,https://www.antiochschools.net/antiochmiddle
Lyle S. Briggs Fundamental,Chino,91710,https://www.chino.k12.ca.us/Briggs
Esencia,Rancho Mission Viejo,92694,https://www.ranchomissionviejo.com/homes/esencia-village
Alliance Patti And Peter Neuwirth Leadership Academy,Los Angeles,90037,https://www.neuwirthleadership.org/
Village Charter Academy,Canoga Park,91303,https://www.villagecharteracademy.com/
ISANA Achernar Academy,Compton,90222,https://isanaacademies.org/achernar/
Berkeley High,Berkeley,94704,https://bhs.berkeleyschools.net/
Escuela Popular Accelerated Family Learning,San Jose,95127,http://www.escuelapopular.org/
Hollister Prep,Hollister,95023,https://www.hollisterprep.org/
Bill L. Williams Elementary,Bakersfield,93313,https://ca01902269.schoolwires.net/williams
Northside Elementary,Cool,95614,https://northside.bomusd.org/
Arroyo Vista Middle,Rancho Santa Margarita,92688,https://avk8-capousd-ca.schoolloop.com/
Discovery Charter II,San Jose,95123,https://www.discoveryk8.org/apps/pages/index.jsp?uREC_ID=225215&type=d&pREC_ID=499982
Sumner Elementary,Claremont,91711,https://sum-claremont-ca.schoolloop.com/
TEACH Academy of Technologies,Los Angeles,90047,https://academy.teachpublicschools.org/
Alliance College-Ready Middle Academy 4,Los Angeles,90003,https://www.crma4.org/
High Tech Elementary Explorer,San Diego,92106,https://www.hightechhigh.org/htex/
EPIC de Cesar Chavez,Tehachapi,93561,https://www.cde.ca.gov/schooldirectory/details?cdscode=29102980130823
Bonita High,La Verne,91750,https://bonitahigh.net/
KIPP Bayview Academy,San Francisco,94124,https://www.kipp.org/school/kipp-bayview-academy/
Panorama Elementary,Daly City,94014,http://www.brisbanesd.org/panorama-elementary-school
Alpaugh -Senior High,Alpaugh,93201,https://www.maxpreps.com/high-schools/alpaugh-buffaloes-(alpaugh,ca)/home.htm
Valiant Santa Barbara,Ontario,91764,https://www.cde.ca.gov/schooldirectory/details?cdscode=42750100136630
Newman Elementary,Chino,91710,https://www.chino.k12.ca.us/Newman
Black Butte Elementary,Shingletown,96088,https://www.blackbutteschool.org/
Dehesa Charter,Escondido,92026,https://mydehesa.edlioschool.com/
Arizona Middle,Riverside,92503,https://www.alvordschools.org/arizona
Ada W. Harris Elementary,Cardiff-by-the-Sea,92007,https://www.cardiffschools.com/domain/18
Family Partnership Charter,Santa Maria,93455,https://www.fpcharter.org/
Berryessa Union Elementary,San Jose,95132,https://www.berryessa.k12.ca.us/
Junipero Serra High,San Juan Capistrano,92675,https://serra-capousd-ca.schoolloop.com/
Alliance Judy Ivie Burton Technology Academy High,Los Angeles,90003,https://www.burtontech.org/
William R. Buckley Elementary,Porterville,93257,https://www.burtonschools.org/buckleyelementary
Alpine Elementary,Alpine,91901,https://www.cde.ca.gov/schooldirectory/details?cdscode=37679676037519
Julia Lee Performing Arts Academy,Lake Elsinore,92530,https://www.jlpaa.org/
Joseph George Middle,San Jose,95127,https://george.arusd.org/
Aveson School of Leaders,Altadena,91001,https://www.aveson.org/
King-Chavez Community High,San Diego,92101,https://kingchavez.org/high-school/
Calexico Community Day,Calexico,92231,https://www.cde.ca.gov/schooldirectory/details?cdscode=13630990118364
National Univ Acad HomeSch/Independent Study Orange Co,Mission Viejo,92692,https://www.usnews.com/education/k12/california/national-univ-acad-homesch-independent-study-orange-co-252785
Yuba City Charter,Yuba City,95991,http://yubacitycharter.org/
Marin Elementary,Albany,94706,https://marin.ausdk12.org/
Myron D. Witter Elementary,Brawley,92227,http://besdwitter.sharpschool.net/s_t_a_f_f_d_i_r_e_c_t_o_r_y
Extera Public,Los Angeles,90033,http://exteraschools.org/
Benicia High,Benicia,94510,https://bhs.beniciaunified.org/
Meadow View Elementary,Santa Rosa,95407,https://www.busd.org/meadowview
Community Collaborative Charter,San Marcos,92069,https://www.schooldigger.com/go/CA/schools/0235413904/school.aspx
North Shore Elementary,Big Bear Lake,92315,https://nses.bearvalleyusd.org/
EJE Elementary Academy Charter,El Cajon,92020,https://www.ejeacademies.org/
Alta Loma Junior High,Alta Loma,91701,https://www.alsd.k12.ca.us/Domain/42
BRIDGES Charter,Thousand Oaks,91360,https://www.bridgescharter.org/
Chautauqua High (Continuation),Big Bear City,92314,https://cths.bearvalleyusd.org/
Theodore Vick Elementary,Adelanto,92301,https://www.aesd.net/6/Home
Steele Canyon High,Spring Valley,91978,https://www.schscougars.org/
Cook (Hazel Goes) Elementary,Chula Vista,91911,https://cook.cvesd.org/
Sierra Montessori Academy,Grass Valley,95949,https://www.greatschools.org/california/grass-valley/17435-Sierra-Montessori-Academy/
Aspire Lionel Wilson College Preparatory Academy,Oakland,94603,https://aspirepublicschools.org/locations/bay-area/aspire-lionel-wilson-college-preparatory-academy/
Roosevelt Elementary,Fresno,93723,https://ro.centralunified.org/
Sierra Vista Junior High,Baldwin Park,91706,https://sierravistajr.bpusd.net/
Fenton Primary Center,Pacoima,91331,https://fpc.fentoncharter.net/
Sage Creek High,Carlsbad,92010,https://sagecreek-cusd-ca.schoolloop.com/
Mountain View Elementary,Fresno,93720,https://mv.cusd.com/
Pivot Charter School Riverside,Corona,92880,https://www.pivotriverside.com/
Byron Institute for Independent Study,Discovery Bay,94505,https://www.cde.ca.gov/SchoolDirectory/details?cdscode=07616630139667
Cajon Valley Home,El Cajon,92021,https://www.cajonvalley.net/
Alameda Unified Special Education,Alameda,94501,https://www.alameda.k12.ca.us/specialeducation
Ramona Middle,San Dimas,91773,https://www.ramonavikings.com/
Horace Mann,Burbank,91504,https://www.burbankusd.org/HMCC
San Gabriel Elementary,Atascadero,93422,http://sg.atasusd.org/
Marshall Elementary,Castro Valley,94546,https://marshall.cv.k12.ca.us/
Francophone Charter School of Oakland,Oakland,94605,https://francophoneschool.org/
Chula Vista Learning Community Charter,Chula Vista,91911,https://www.cvlcc.org/
Washington Elementary,Bellflower,90706,https://www.busd.k12.ca.us/washingtonelementary
Jesse G. Sanchez Elementary,Salinas,93905,https://www.alisal.org/sanchez
John Vierra High,Angels Camp,95221,https://www.cde.ca.gov/SchoolDirectory/details?cdscode=05615560530121
Paramount Elementary,Azusa,91702,https://www.azusa.org/paramount
Pioneer Drive Elementary,Bakersfield,93306,https://pioneer.bcsd.com/
Chico Junior High,Chico,95926,http://cjhs.chicousd.org/
Pleasant View Elementary,Baldwin Park,91706,https://pleasantview.bpusd.net/
Buckeye Union Mandarin Immersion Charter,El Dorado Hills,95762,https://www.buckeyeusd.org/bumi
Hilltop Drive Elementary,Chula Vista,91910,http://schools.cvesd.org/schools/hilltop/Pages/default.aspx
Central Elementary,Banning,92220,https://central.banning.k12.ca.us/
Northlake Hills Elementary,Castaic,91384,https://nhs.castaicusd.com/
William McKinley Elementary,Burbank,91506,https://www.burbankusd.org/wmes
High Tech Middle Media Arts,San Diego,92106,https://www.hightechhigh.org/htmma/
Arcata High,Arcata,95521,https://arcatahighschool.nohum.org/
Marsh (Harry M.) Junior High,Chico,95928,http://mjhs.chicousd.org/
Yulupa Elementary,Santa Rosa,95405,https://www.bvusd.org/yulupa
Vineland Elementary,Baldwin Park,91706,https://vineland.bpusd.net/
Aspen Meadow Public,Fresno,93704,https://meadow.aspenps.org/
Richard Henry Dana Elementary,Dana Point,92629,https://rhdana-capousd-ca.schoolloop.com/
Joaquin Miller Elementary,Burbank,91501,https://www.burbankusd.org/jmes
Burton Middle,Porterville,93257,https://www.burtonschools.org/Domain/9
Fairlawn Elementary,Santa Maria,93458,https://fa-smbsd-ca.schoolloop.com/
Mojave River Academy - Oro Grande,Victorville,92392,http://www.mojaveriver.net/
Calistoga Junior/Senior High,Calistoga,94515,https://cjshs.calistogaschools.org/
Lincoln Elementary,Burlingame,94010,https://les-bsd-ca.schoolloop.com/
Deer Canyon Elementary,Alta Loma,91701,https://www.alsd.k12.ca.us/deercanyon
Wilson C. Riles Middle,Roseville,95747,https://wcr.centerusd.org/
Phoenix Rising High,El Centro,92243,https://www.desertoasisnet.net/Phoenix-Rising-High-School/
Bridges Community Day,Glendora,91740,https://www.cde.ca.gov/schooldirectory/details?cdscode=19643781995927
Legacy Academy,San Jose,95112,https://www.legacyschools.us/
Norman Liddell Elementary,Fresno,93722,https://li.centralunified.org/
Dana Hills High,Dana Point,92629,https://dhhs.schoolloop.com/
Animo Ralph Bunche Charter High,Los Angeles,90011,https://ca.greendot.org/ralphbunche/
Alvin Elementary,Santa Maria,93454,https://al-smbsd-ca.schoolloop.com/
California Preparatory Academy,San Juan Capistrano,92675,https://cpa-capousd-ca.schoolloop.com/
e3 Civic High,San Diego,92101,https://www.e3civichigh.com/
Willow Elementary,Glendora,91740,https://www.cousd.net/willow
Starlight Elementary,Beaumont,92223,https://sles.beaumontusd.us/
Belleview Special Education Preschool,Sonora,95370,https://www.cde.ca.gov/SchoolDirectory/details?cdscode=55723060139279
Dr. Martin Luther King Jr. Academy,Salinas,93905,https://www.alisal.org/Page/27
W. D. Hall Elementary,El Cajon,92021,https://www.cajonvalley.net/hall
Calexico High,Calexico,92231,https://chs.cusdk12.org/
Castro Valley High,Castro Valley,94546,https://cvhs.cv.k12.ca.us/
California Virtual Academy @ Los Angeles,Simi Valley,93065,https://cava.k12.com/
Chaffey Community Day,Ontario,91764,https://cds.cjuhsd.net/
River Springs Charter,Temecula,92590,https://springscs.org/
Banyan Elementary,Alta Loma,91737,https://www.alsd.k12.ca.us/banyan
School of Universal Learning (SOUL),Solana Beach,92075,https://www.soulcharterschool.org/
Ione Junior High,Jackson,95642,https://amadorcoe.org/schools/ione-junior-high-school/
Monterey Road Elementary,Atascadero,93422,https://sites.google.com/a/atasusd.org/monterey-road-elementary-school/
Grace Hopper STEM Academy,Inglewood,90301,https://ghsa-k12-ca.us/
Mae Hensley Junior High,Ceres,95307,https://maehensley.ceres.k12.ca.us/
California Montessori Project - Capitol Campus,Sacramento,95826,http://www.cacmp.org/2/home
Richard Henry Dana Middle,Arcadia,91006,https://www.greatschools.org/california/arcadia/1467-Richard-Henry-Dana-Middle-School/
Thomas Olaeta Elementary,Atwater,95301,https://www.thomasolaeta.school/
Equitas Academy #2,Los Angeles,90005,https://www.equitasacademy.org/apps/pages/index.jsp?uREC_ID=235075&type=d&pREC_ID=576900
Franklin Elementary,Burlingame,94010,https://fes-bsd-ca.schoolloop.com/
Helix High,La Mesa,91941,http://www.helixcharter.net/
Washington Elementary,Glendora,91740,https://www.cousd.net/washington
Lashon Academy,Van Nuys,91405,https://lashonacademy.org/
San Diego Virtual,San Diego,92108,https://sdvirtualschools.com/
John Adams Academy - Roseville,Roseville,95678,https://www.johnadamsacademy.org/
Stonecreek Junior High,Bakersfield,93313,https://ca01902269.schoolwires.net/stonecreek
Benicia Middle,Benicia,94510,https://bms.beniciaunified.org/
N.E.W. Academy Canoga Park,Canoga Park,91303,https://newacademycanoga.com/
Holly Avenue Elementary,Arcadia,91007,https://ha.ausd.net/
Martin Luther King Middle,Berkeley,94703,https://www.mlkmiddleschool.org/
Bellflower High,Bellflower,90706,https://www.busd.k12.ca.us/bellflowerhigh
Gold Strike High,San Andreas,95249,https://www.cde.ca.gov/SchoolDirectory/details?cdscode=05615640530022
ISANA Octavia Academy,Los Angeles,90065,https://isanaacademies.org/octavia/
Walnut Avenue Elementary,Chino,91710,https://www.chino.k12.ca.us/Walnut
Learning Works,Pasadena,91107,https://www.publicworksinc.org/lw/
Aspire Berkley Maynard Academy,Oakland,94608,https://aspirepublicschools.org/locations/bay-area/aspire-berkley-maynard-academy/
Pacific Rim Elementary,Carlsbad,92009,https://pacificrim.schoolloop.com/
Accelerated Achievement Academy,Ukiah,95482,https://www.aaacademy.org/District/Department/2-Accelerated-Achievement-Academy
Will C. Wood Middle,Alameda,94501,http://wms.alamedausd.ca.schoolloop.com/
Synergy Charter Academy,Los Angeles,90011,https://www.synergycharteracademy.org/
Bret Harte Elementary,Burbank,91505,https://www.burbankusd.org/bhes
King-Chavez Primary Academy,San Diego,92102,https://kingchavez.org/primary/
Magnolia Science Academy 3,Carson,90746,https://www.msa3.magnoliapublicschools.org/
Valley Oak Elementary,Fresno,93720,https://valleyoak.cusd.com/
Alta Vista Community Charter,Auburn,95603,https://altavista.auburn.k12.ca.us/
Palomares Elementary,Castro Valley,94552,https://palomares.cv.k12.ca.us/
Bostonia Language Academy,El Cajon,92021,https://www.cajonvalley.net/bostonia
De Anza Elementary,Baldwin Park,91706,https://deanza.bpusd.net/
California Connections Academy Central Coast,New Cuyama,93254,https://www.cde.ca.gov/SchoolDirectory/details?cdscode=42750100138891
Life Source International Charter,Lancaster,93534,http://lifesourcecharterschool.org/
Hawking S.T.E.A.M. Charter,Chula Vista,91910,https://www.hawking1charter.org/
California Virtual Academy at Maricopa,Simi Valley,93065,https://www.cde.ca.gov/SchoolDirectory/details?cdscode=15636280127183
Blue Oak Academy,Visalia,93292,https://www.blueoakacademy.org/
Earl Warren Junior High,Bakersfield,93311,https://www.greatschools.org/california/bakersfield/1345-Earl-Warren-Junior-High-School/
Calavera Hills Middle,Carlsbad,92008,https://calavera.schoolloop.com/
North Valley High,Anderson,96007,https://www.auhsd.net/northvalleyhighschool_home.aspx
Virginia Rocca Barton Elementary,Salinas,93905,https://www.alisal.org/Domain/19
ASA Charter,San Bernardino,92405,https://www.asacharterschool.com/
Ladera Ranch Middle,Ladera Ranch,92694,https://lrms-capousd-ca.schoolloop.com/
Los Osos High,Rancho Cucamonga,91737,https://www.greatschools.org/california/rancho-cucamonga/12199-Los-Osos-High-School/
Equitas Academy Charter,Los Angeles,90015,https://www.equitasacademy.org/
Beaumont Senior High,Beaumont,92223,https://bhs.beaumontusd.us/
Laguna High,Sebastopol,95472,https://www.wscuhsd.org/o/laguna
Preuss School UCSD,La Jolla,92093,https://preuss.ucsd.edu/
Margaret Heath Elementary,Baldwin Park,91706,https://heath.bpusd.net/
Mayfair High,Lakewood,90713,https://www.busd.k12.ca.us/mayfairmonsoons
Fort Washington Elementary,Fresno,93720,https://fw.cusd.com/
JCS - Mountain Oaks,Encinitas,92024,https://mountainoaks.jcs-inc.org/
Chatom Elementary,Turlock,95380,http://www.chatom.k12.ca.us/schools/chatom-elementary-school/
Benjamin Foxen Elementary,Santa Maria,93454,https://www.cde.ca.gov/SchoolDirectory/details?cdscode=42691126045264
Coachella Valley High,Thermal,92274,https://cvhs.cvusd.us/coachella-valley-high-school
Ednovate - USC Hybrid High College Prep,Los Angeles,90071,https://www.ednovate.org/hybrid
Ione Elementary,Ione,95640,https://ioneel.amadorcoe.org/
Woods (Harold L.) Elementary,Clovis,93619,https://woods.cusd.com/
Beardsley Elementary,Bakersfield,93308,http://beardsleyschool.org/
University Prep -  Fresno,Ontario,91764,https://www.cde.ca.gov/SchoolDirectory/details?cdscode=10623800138347
Bassett Senior High,La Puente,91746,https://bhs.bassettusd.org/
American River Charter,Georgetown,95634,https://arcs.bomusd.org/
Inspire Charter School - North,Meridian,95957,https://www.greatschools.org/california/meridian/32429-Inspire-Charter-School---North/
Munsey Elementary,Bakersfield,93309,https://munsey.bcsd.com/
KIPP Navigate College Prep,San Jose,95123,https://www.kipp.org/school/kipp-navigate-college-prep/
Foothill Alternative High,Carpinteria,93013,https://www.cde.ca.gov/schooldirectory/details?cdscode=42691464230181
Ednovate - East College Prep,Los Angeles,90071,https://www.ednovate.org/east
OCS - South,Pasadena,91103,https://odysseycharterschool.org/
Lrng in an Urban Comm with High Achievement (L.U.C.H.A.),San Jose,95116,https://www.cde.ca.gov/SchoolDirectory/details?cdscode=43693690107748
Hume Lake Charter,Hume,93628,https://humelakecharter.org/
PUC Santa Rosa Charter Academy,Los Angeles,90065,https://www.cde.ca.gov/SchoolDirectory/details?cdscode=19647330119974
Chaffey High,Ontario,91762,https://chs-cjuhsd-ca.schoolloop.com/cms/month?d=x&group_id=1292149104720&month_id=1456041600000&return_url=1453368699406
PUC Excel Charter Academy,Los Angeles,90031,https://www.pucschools.org/excel/
Allegiance STEAM Academy - Thrive,Chino,91710,http://asathrive.org/
ACE Esperanza Middle,San Jose,95112,https://www.acecharter.org/our-story/ace-esperanza-middle-school/
Frank E. Woodruff Elementary,Bellflower,90706,https://www.busd.k12.ca.us/frankwoodruffelementary
Resolute Academy Charter,Los Angeles,90059,https://www.resoluteacademy.org/
Ocean Charter,Los Angeles,90066,https://oceancs.org/
Rolling Hills Middle,Los Gatos,95030,https://rollinghills.campbellusd.org/
Truman Benedict Elementary,San Clemente,92673,https://tbes-capousd-ca.schoolloop.com/
William Sheppard Middle,San Jose,95133,https://sheppard.arusd.org/
Pioneer Magnet School for the Visual and Performing Arts,Pioneer,95666,https://www.cde.ca.gov/SchoolDirectory/details?cdscode=03739816002851
Palmdale High,Palmdale,93550,https://www.palmdalehs.org/
Sherman Thomas STEM Academy,Madera,93638,http://www.shermanthomasacademy.com/
Marconi Learning Academy,Sacramento,95821,https://marconilearning.org/
Georgetown Elementary,Georgetown,95634,https://gtcubs.bomusd.org/
Berkshire Elementary,Bakersfield,93313,https://www.greatschools.org/california/bakersfield/12152-Berkshire-Elementary-School/
Western High,Anaheim,92804,https://western.auhsd.us/
Olive Middle,Baldwin Park,91706,https://www.olivelancers.net/
Carpinteria Family,Carpinteria,93013,https://www.niche.com/k12/carpinteria-family-carpinteria-ca/
Hort Elementary,Bakersfield,93306,https://hort.bcsd.com/
Tesoro High,Las Flores,92688,https://tshs-capousd-ca.schoolloop.com/
Boys Republic High,Chino Hills,91709,https://www.chino.k12.ca.us/BoysRepublic
Viejo Elementary,Mission Viejo,92691,https://vjes-capousd-ca.schoolloop.com/
Timber Point Elementary,Discovery Bay,94505,https://tpe-busd-ca.schoolloop.com/
Citizens of the World Charter School Hollywood,Los Angeles,90028,https://cwchollywood.org/
Emerson Elementary,Berkeley,94705,https://emerson.berkeleypta.org/
Mission Elementary,Antioch,94509,https://www.antiochschools.net/mission
John Kelley Elementary,Thermal,92274,https://jkes.cvusd.us/john-kelley-elementary
California Pacific Charter - San Diego,Warner Springs,92086,https://www.greatschools.org/california/warner-springs/32179-California-Pacific-Charter-Schools---San-Diego/
University Prep,Ontario,91764,https://www.cde.ca.gov/SchoolDirectory/details?cdscode=37680490138313
Rio Valley Charter,Lodi,95240,https://pacificcharters.org/about/schools/riovalleycharterschool/
Aveson Global Leadership Academy,Altadena,91001,https://www.aveson.org/
Crest Elementary,El Cajon,92021,https://www.cajonvalley.net/crest
Pathways Charter,Rohnert Park,94928,https://www.pathwayscharter.org/
Sherman Oaks Elementary,San Jose,95128,https://shermanoaks.campbellusd.org/
Leonardo da Vinci Health Sciences Charter,Chula Vista,91911,https://www.davincicharter.org/
High Tech Elementary Mesa,San Diego,92111,https://www.hightechhigh.org/htem/
Achieve Charter School of Paradise Inc.,Chico,95928,https://www.achievecharter.org/
Aspire Inskeep Academy Charter,Los Angeles,90003,https://aspirepublicschools.org/locations/los-angeles/aspire-inskeep-academy/
Laurel Elem Magnet Sch of Innovation and Career Explr,Brea,92821,https://laurel.bousd.us/
Hidden Hills Elementary,Laguna Niguel,92677,https://hhes-capousd-ca.schoolloop.com/
Muir (John) Elementary,Antioch,94509,https://www.antiochschools.net/johnmuir
San Carlos Charter Learning Center,San Carlos,94070,https://scclc.net/
Antioch Charter Academy,Antioch,94509,https://antiochcharteracademy.org/
Blue Ridge Academy,Maricopa,93252,https://theblueridgeacademy.com/
Equitas Academy 6,Los Angeles,90015,https://www.equitasacademy.org/apps/pages/index.jsp?uREC_ID=174273&type=d&pREC_ID=1813579
William Brooks Elementary,El Dorado Hills,95762,https://www.buckeyeusd.org/wbes
Vaughn Next Century Learning Center,San Fernando,91340,https://www.myvaughncharter.com/
Sycamore Academy of Science and Cultural Arts,Wildomar,92595,https://www.sycamoreacademycharter.org/
Summit Public School: Tahoma,San Jose,95123,https://summitps.org/our-schools/summit-tahoma-san-jose/
Manzanita Public Charter,Vandenberg Air Force Base,93437,http://www.manzanitacharterschool.com/
Clay Elementary,Kingsburg,93631,https://clayschool.k12.ca.us/
Chaparral Elementary,Chino Hills,91709,https://www.chino.k12.ca.us/Chaparral
Dale Junior High,Anaheim,92804,https://dale.auhsd.us/
Santiago Middle,Orange,92869,https://www.santiagocharterms.org/
Freedom Elementary,Clovis,93611,https://freedom.cusd.com/
William Saroyan Elementary,Fresno,93722,https://sa.centralunified.org/
Perseverance Preparatory,San Jose,95112,https://www.perseveranceprep.org/
Baker Junior High,Baker,92309,https://www.greatschools.org/california/baker/4979-Baker-Junior-High-School/
Toyon Elementary,San Jose,95127,https://toyon.berryessa.k12.ca.us/
Barstow STEM Academy,Barstow,92311,https://barstow.k12.ca.us/stem/
Central Elementary,Lemoore,93245,http://www.central.k12.ca.us/
Crescent View South II,Fresno,93706,https://cvsouth2.org/
Rancho San Diego Elementary,El Cajon,92019,https://www.cajonvalley.net/rancho
Niguel Hills Middle,Laguna Niguel,92677,https://niguelhills.schoolloop.com/
Cipriani Elementary,Belmont,94002,https://cip-brssd-ca.schoolloop.com/
North Star Independent Study,Sutter Creek,95685,https://www.cde.ca.gov/schooldirectory/details?cdscode=03739810330050
Encinal Junior/Senior High,Alameda,94501,https://ehs-alamedausd-ca.schoolloop.com/
Floyd M. Stork Elementary,Alta Loma,91701,https://www.alsd.k12.ca.us/stork
Barstow Fine Arts Academy,Barstow,92311,https://www.barstow.k12.ca.us/District/11967-Untitled.html
Clyde Arbuckle Elementary,San Jose,95116,https://www.greatschools.org/california/san-jose/5367-Clyde-Arbuckle-Elementary-School/
Mountain View Elementary,Azusa,91702,https://www.cde.ca.gov/SchoolDirectory/details?cdscode=19642796011308
Diamond Valley Elementary,Markleeville,96120,https://www.alpinecoe.k12.ca.us/District/Portal/diamond-valley-elementary-school
Chapman Elementary,Chico,95928,http://chapman.chicousd.org/
Rockwood Elementary,Calexico,92231,https://www.cde.ca.gov/SchoolDirectory/details?cdscode=13630996008379
Antelope Elementary,Red Bluff,96080,https://www.antelopeschools.org/
Bellevue Elementary,Atwater,95301,https://www.aesd.edu/
Rogers (Greg) Elementary,Chula Vista,91911,http://schools.cvesd.org/schools/rogers/Pages/default.aspx
Fortune,Sacramento,95823,http://www.fortuneschool.org/
Jim Maples Academy,Porterville,93257,https://www.burtonschools.org/jimmaples
Capistrano Home/Virtual,San Juan Capistrano,92675,https://virtual-capousd-ca.schoolloop.com/
Camptonville Elementary,Camptonville,95922,https://www.cville.k12.ca.us/
W. R. Powell Elementary,Azusa,91702,https://www.greatschools.org/california/azusa/1488-W.-R.-Powell-Elementary-School/
Magnolia Science Academy 5,Reseda,91335,https://msa5.magnoliapublicschools.org/
Aspire Benjamin Holt College Preparatory Academy,Stockton,95212,https://aspirepublicschools.org/locations/central-valley/aspire-benjamin-holt-college-preparatory-academy/
California Vanguard Academy - Fresno,Ontario,91764,https://www.cde.ca.gov/SchoolDirectory/details?cdscode=10623800138354
Valley View Charter Prep,Stockton,95207,https://pacificcharters.org/about/schools/valleyviewcharterprep/
Esther Lindstrom Elementary,Lakewood,90713,https://www.busd.k12.ca.us/estherlindstromelementary
Arma J. Shull Elementary,San Dimas,91773,https://sh.bonita.k12.ca.us/
Civicorps Corpsmember Academy,Oakland,94607,https://www.cvcorps.org/
Sylvia Mendez Elementary,Berkeley,94705,https://www.berkeleyschools.net/schools/elementary-schools/sylviamendez-elementary/
Kairos Public School Vacaville Academy,Vacaville,95688,https://www.kairospublicschools.org/
Harvest Elementary,Fresno,93723,https://ha.centralunified.org/
Contra Costa School of Performing Arts,Walnut Creek,94598,https://www.cocospa.org/
Gateway Middle,San Francisco,94115,https://gatewaypublicschools.org/gms
University High,Fresno,93740,https://uhsfresno.com/
Anza Elementary,El Cajon,92020,https://www.cajonvalley.net/anza
Bert Corona Charter High,Pacoima,91331,http://bccs.ypics.org/
Piute Mountain Elementary,Caliente,93518,https://www.cde.ca.gov/SchoolDirectory/details?cdscode=15633886104772
Grace Miller Elementary,La Verne,91773,https://gm.bonita.k12.ca.us/
Clear Creek Elementary,Grass Valley,95949,https://www.cde.ca.gov/SchoolDirectory/details?cdscode=29663240000000
Park Middle,Antioch,94509,https://www.antiochschools.net/park
Chico High,Chico,95926,http://chs.chicousd.org/
Alma Fuerte Public,Altadena,91001,https://www.almafuerteps.org/
KIPP Promesa Prep,Los Angeles,90063,https://www.kipp.org/school/kipp-promesa-prep/
Allen Avenue Elementary,San Dimas,91773,https://al.bonita.k12.ca.us/
Richard Henry Dana Exceptional Needs,Dana Point,92629,https://rhdenf-capousd-ca.schoolloop.com/
Horace Cureton Elementary,San Jose,95127,https://cureton.arusd.org/
Sherwood Montessori,Chico,95928,http://sherwoodmontessori.org/
Buchanan High,Clovis,93611,https://bhs.cusd.com/
Adelante Charter,Santa Barbara,93103,http://adelantecharter.org/
La Granada Elementary,Riverside,92505,https://www.alvordschools.org/lagranada
Ponderosa Elementary,Anaheim,92802,https://anaheimelementary.org/ponderosa/
Jefferson Elementary,Clovis,93611,https://jefferson.cusd.com/
Country Springs Elementary,Chino Hills,91709,https://www.chino.k12.ca.us/CountrySprings
Hillcrest High,Riverside,92503,https://www.alvordschools.org/hillcrest
San Andreas Elementary,San Andreas,95249,https://sae.custudents.net/
Magnolia Science Academy San Diego,San Diego,92120,https://msasd.magnoliapublicschools.org/
California Connections Academy Southern California,San Juan Capistrano,92675,https://www.connectionsacademy.com/california-online-school/about/contact-us
Orange Grove Elementary,Anaheim,92805,https://anaheimelementary.org/orange-grove/
Atascadero Middle,Atascadero,93422,https://www.amssaints.org/
James A. Whitaker Elementary,Buena Park,90621,https://whitaker.bpsd.us/
Bardin Elementary,Salinas,93905,https://www.alisal.org/bardin
Marsh Creek Elementary,Brentwood,94513,https://mcs-brentwood-ca.schoolloop.com/
Animo Leadership High,Inglewood,90301,https://ca.greendot.org/leadership/
The Learning Choice Academy - East County,La Mesa,91941,https://www.learningchoice.org/
PUC Inspire Charter Academy,Pacoima,91331,https://www.pucschools.org/inspire/
John Malcom Elementary,Laguna Niguel,92677,https://jmes-capousd-ca.schoolloop.com/
Valle Lindo Elementary,Chula Vista,91911,http://schools.cvesd.org/schools/vallelindo/Pages/Home.aspx
Central Union High,El Centro,92243,https://www.spartansnet.net/
Rancho Cucamonga High,Rancho Cucamonga,91701,https://rchs.cjuhsd.net/
Fair View High (Continuation),Chico,95926,http://fvhs.chicousd.org/
Frank Otis Elementary,Alameda,94501,https://otis-alamedausd-ca.schoolloop.com/
Taylor (Ida Redmond) Elementary,Santa Maria,93454,https://www.greatschools.org/california/santa-maria/12233-Taylor-Ida-Redmond-Elementary-School/
Downtown College Preparatory Middle,San Jose,95110,http://dcp.org/
King-Chavez Athletics Academy,San Diego,92102,http://www.kingchavez.org/preparatory
MacGregor High (Continuation),Albany,94706,https://mac.ausdk12.org/
Bear Gulch Elementary,Rancho Cucamonga,91730,https://bges-csd-ca.schoolloop.com/
KIPP Scholar Academy,Los Angeles,90062,https://www.kipp.org/school/kipp-scholar-academy/
Roosevelt Elementary,Bakersfield,93304,https://roosevelt.bcsd.com/
School for Entrepreneurship and Technology,San Diego,92123,https://sethigh.org/
Aptitud Community Academy at Goss,San Jose,95116,https://aptitud.arusd.org/
S. Christa McAuliffe Elementary,Riverside,92505,https://www.greatschools.org/california/riverside/4209-S.-Christa-Mcauliffe-Elementary-School/
Three Rivers Charter,Fort Bragg,95437,http://www.trcschool.org/
Animo College Preparatory Academy,Los Angeles,90002,https://ca.greendot.org/collegeprep/
Carnelian Elementary,Alta Loma,91701,https://www.alsd.k12.ca.us/carnelian
Norte Vista High,Riverside,92503,https://www.alvordschools.org/nortevista
Carter G. Woodson Public Charter,Fresno,93726,https://www.agapeschools.org/carter-g-woodson-charter-school.html
Hayward Collegiate Charter,Hayward,94544,https://haywardcollegiate.org/
Alpha: Blanca Alvarado,San Jose,95122,https://www.alphapublicschools.org/school/blanca-alvarado/
Charter School of Morgan Hill,Morgan Hill,95037,https://www.csmh.org/
Liberty Elementary,Ontario,91761,https://www.chino.k12.ca.us/Liberty
Don Julian Elementary,La Puente,91746,https://dje.bassettusd.org/
Chualar Elementary,Chualar,93925,http://www.chualarusd.com/
Aspire Monarch Academy,Oakland,94603,https://monarch.aspirepublicschools.org/
John Steinbeck Elementary,Fresno,93722,https://st.centralunified.org/
Hope,Buena Park,90620,http://hope.auhsd.us/
Arthur F. Corey Elementary,Buena Park,90620,https://corey.bpsd.us/
R. Paul Krey Elementary,Brentwood,94513,https://kes-brentwood-ca.schoolloop.com/
Ingenium Charter,Canoga Park,91304,https://ingeniumschools.org/ics/
Kunst (Tommie) Junior High,Santa Maria,93458,https://tkjh-smbsd-ca.schoolloop.com/
Fuerte Elementary,El Cajon,92020,https://www.cajonvalley.net/fuerte
BSD Preschool,Burlingame,94010,http://www.burlingamemontessoriinc.org/
High Tech Elementary,San Diego,92106,https://www.hightechhigh.org/hte/
El Camino Junior High,Santa Maria,93458,https://elcjh-smbsd-ca.schoolloop.com/
Joe Henderson Elementary,Benicia,94510,https://jhe.beniciaunified.org/
California Connections Academy @ Ripon,Ripon,95366,https://www.cde.ca.gov/SchoolDirectory/details?cdscode=39686500125849
Castro Valley Virtual Academy,Castro Valley,94546,https://virtualacademy.cv.k12.ca.us/
Gordon H. Beatty Elementary,Buena Park,90621,https://beatty.bpsd.us/
Akers Elementary,N.A.S. Lemoore,93245,http://akers.central.k12.ca.us/
Aspire Port City Academy,Stockton,95205,https://aspirepublicschools.org/locations/central-valley/aspire-port-city-academy/
Little Chico Creek Elementary,Chico,95928,http://littlechicocreek.chicousd.org/
California Montessori Project - Elk Grove Campus,Elk Grove,95624,http://www.cacmp.org/3/home
Barona Indian Charter,Lakeside,92040,https://www.baronaindiancharterschool.com/
Shadow Hills Elementary,Alpine,91901,https://www.alpineschools.net/o/shes/browse/141736
Picard Community Day Elementary,Dorris,96023,https://www.cde.ca.gov/SchoolDirectory/details?cdscode=47736846114607
Aliso Niguel High,Aliso Viejo,92656,https://anhs-capousd-ca.schoolloop.com/
Summerland Elementary,Summerland,93067,https://summerland.cusd.net/
Stockdale Elementary,Bakersfield,93309,https://ca01902269.schoolwires.net/stockdale
Camino Nuevo Charter Academy #4,Los Angeles,90026,http://www.caminonuevo.org/
California Virtual Academy at Kings,Simi Valley,93065,https://www.cde.ca.gov/schooldirectory/details?cdscode=16638750112698
David Starr Jordan Middle,Burbank,91506,https://www.greatschools.org/california/burbank/1560-David-Starr-Jordan-Middle-School/
Uplift California South Charter,Ontario,91764,https://www.cde.ca.gov/SchoolDirectory/details?cdscode=27659790136010
Sycamore Academy of Science and Cultural Arts - Chino Valley,Chino Hills,91709,https://sycamoreacademycharter-cv.org/
Baldwin Park High,Baldwin Park,91706,https://www.bpbraves.net/
New Los Angeles Charter Elementary,Los Angeles,90016,https://www.newlaelementary.org/
West County Charter Middle,Forestville,95436,https://www.cde.ca.gov/SchoolDirectory/details?cdscode=49706070135327
Price Charter Middle,San Jose,95124,https://www.greatschools.org/california/san-jose/5408-Price-Charter-Middle-School/
Las Palmas Elementary,San Clemente,92672,https://lpes-capousd-ca.schoolloop.com/
Golden Sierra Junior Senior High,Garden Valley,95633,https://www.cde.ca.gov/SchoolDirectory/details?cdscode=09737830930073
Alvord Continuation High,Riverside,92503,https://www.alvordschools.org/Domain/26
