Bryson Avenue Elementary,South Gate,90280,https://brysones-lausd-ca.schoolloop.com/
CIS Academy,Pasadena,91107,https://www.pusd.us/cis
Lakewood Elementary,Lodi,95242,https://lakewood.lodiusd.net/
Mira Catalina Elementary,Rancho Palos Verdes,90275,https://miracatalina.pvpusd.net/
Meyler Street Elementary,Torrance,90502,https://meyleres-lausd-ca.schoolloop.com/
Chavez Elementary,Long Beach,90802,https://chavez-lbusd-ca.schoolloop.com/
John Muir Middle,Los Angeles,90044,http://www.muirmiddle.org/
Castelar Street Elementary,Los Angeles,90012,https://castelares-lausd-ca.schoolloop.com/
Charles W. Barrett Elementary,Los Angeles,90003,https://barrett-lausd-ca.schoolloop.com/
Street Academy (Alternative),Oakland,94609,https://oaklandstreetacademy.org/
Chaparral Hills Elementary,Moreno Valley,92553,https://chaparralhills.mvusd.net/
Polytechnic High,Riverside,92506,http://poly.riversideunified.org/
Independence Elementary,Bakersfield,93312,https://www.ruesd.net/independence
Lewis H. Britton Middle,Morgan Hill,95037,https://britton.mhusd.org/
Cram Elementary,Highland,92346,https://www.redlandsusd.net/cram
Valley View Elementary,Richmond,94803,https://www.wccusd.net/valleyview
Ramona Elementary,Moreno Valley,92553,https://ramona.mvusd.net/
Meridian Elementary,Meridian,95957,https://www.meridiantigers.com/
Creekside Junior High,Los Banos,93635,https://www.losbanosusd.org/cjhs/
Waterloo Elementary,Stockton,95215,https://waterloo.lindenusd.com/
Friendly Hills Elementary,Joshua Tree,92252,http://www.morongousd.com/friendlyhillselementaryschool_home.aspx
Fletcher Drive Elementary,Los Angeles,90065,https://fletcheres-lausd-ca.schoolloop.com/
El Carmelo Elementary,Palo Alto,94306,https://elcarmelo.pausd.org/
Miramonte Elementary,Los Angeles,90001,https://miramontees-lausd-ca.schoolloop.com/
Pueblo Vista Elementary,Napa,94558,https://pves-nvusd-ca.schoolloop.com/
Del Amo Elementary,Carson,90745,https://delamoes-lausd-ca.schoolloop.com/
Bellingham Elementary,North Hollywood,91606,https://www.bellinghames.org/
Valle Verde Elementary,Walnut Creek,94598,https://vves-mdusd-ca.schoolloop.com/
Shore Acres Elementary,Bay Point,94565,https://saes-mdusd-ca.schoolloop.com/
La Verne Science and Technology Charter,Pomona,91767,https://lvstc.pusd.org/
John F. Kennedy Middle,Redwood City,93239,https://www.rcsdk8.net/kennedy
Aragon Avenue Elementary,Los Angeles,90065,https://aragones-lausd-ca.schoolloop.com/
Wilson Elementary,Lynwood,90262,https://wilson.lynwood.k12.ca.us/
Garza (Carmen Lomas) Primary Center,Los Angeles,90023,https://garzapc-lausd-ca.schoolloop.com/
Tierra Bonita Elementary,Poway,92064,https://www.powayusd.com/en-US/Schools/ES/TBES/Home
Arroyo Grande High,Arroyo Grande,93420,https://www.aghseagles.org/
Nystrom Elementary,Richmond,94804,https://www.wccusd.net/nystrom
Oakland High,Oakland,94610,https://www.ousd.org/oaklandhigh
Loma Prieta Elementary,Los Gatos,95033,https://www.loma.k12.ca.us/Domain/8
Elizabeth T. Hughbanks Elementary,Rialto,92377,https://kec.rialto.k12.ca.us/hughbanks
Southeast Middle,South Gate,90280,https://southeastms-lausd-ca.schoolloop.com/
Chapman Elementary,Gardena,90249,https://chapmanes-lausd-ca.schoolloop.com/
Altadena Elementary,Altadena,91001,https://www.pusd.us/Domain/8
Vista del Valle Dual Language Academy,San Fernando,91340,https://vistaacademy-lausd-ca.schoolloop.com/
Rincon Valley Charter,Santa Rosa,95409,https://www.rvusd.org/o/rvcs-s
Ione Olson Elementary,Marina,93933,https://olson.mpusd.net/
Ridgecrest Intermediate,Rancho Palos Verdes,90275,https://ris.pvpusd.net/
Hoover Street Elementary,Los Angeles,90005,https://hoover-lausd-ca.schoolloop.com/
Central Coast High,Seaside,93955,https://cchs.mpusd.net/
Clifford Elementary,Redwood City,94062,https://www.rcsdk8.net/clifford
Live Oak Elementary,Santa Cruz,95062,https://lo.losd.ca/
San Jose Street Elementary,Mission Hills,91345,https://sanjosees-lausd-ca.schoolloop.com/
Laurel Elementary,Oakland,94619,https://laurelelementary.org/
Arete Charter Academy,Grass Valley,95949,https://arete.prsd.us/
Alberta Martone Elementary,Modesto,95358,https://martone.mcs4kids.com/
Wagner Ranch Elementary,Orinda,94563,https://wr-orinda-ca.schoolloop.com/
La Veta Elementary,Orange,92869,https://www.orangeusd.org/la-veta-elementary-school
D. D. Johnston Elementary,Norwalk,90650,https://www.ddjohnstonelementary.org/
Walnut Grove Elementary,Walnut Grove,95690,https://wg-rdusd-ca.schoolloop.com/
Mupu Elementary,Santa Paula,93060,https://mupu.org/
Fremont Academy of Environmental Science & Innovative Design,Oxnard,93030,https://www.oxnardsd.org/Domain/394
Belvedere Middle,Los Angeles,90063,https://belvederems-lausd-ca.schoolloop.com/
Vicente Martinez High,Martinez,94553,https://vmhs-martinez-ca.schoolloop.com/
Saturn Street Elementary,Los Angeles,90019,https://www.saturnelementary.org/
Marine View Middle,Huntington Beach,92649,https://www.ovsd.org/marine
McDowell Elementary,Petaluma,94954,https://www.petalumacityschools.org/mcdowell
Theodore Roosevelt Senior High,Los Angeles,90033,https://roosevelths-lausd-ca.schoolloop.com/
Bancroft Elementary,Walnut Creek,94598,https://bes-mdusd-ca.schoolloop.com/
Communication and Tech at Diego Rivera Lrng Complex,Los Angeles,90001,https://drlc-lausd-ca.schoolloop.com/cats
Valley of Enchantment Elementary,Crestline,92325,https://www.rimsd.k12.ca.us/Domain/11
Gates Street Elementary,Los Angeles,90031,https://gates-lausd-ca.schoolloop.com/
Edward Fitzgerald Elementary,Rialto,92377,https://kec.rialto.k12.ca.us/fitzgerald
Whitney Young Continuation,Los Angeles,90043,https://whitneyyoungcontinuationhighschool-lausd-ca.schoolloop.com/
Jaime Escalante Elementary,Cudahy,90201,https://jaimeescalantees-lausd-ca.schoolloop.com/
Ambassador-Global Leadership,Los Angeles,90005,https://asgl-lausd-ca.schoolloop.com/
Cabrillo High,Long Beach,90810,https://lbcabrillo.schoolloop.com/
Escondido Elementary,Stanford,94305,https://escondido.pausd.org/
Fair Avenue Elementary,North Hollywood,91606,https://fair-lausd-ca.schoolloop.com/
Lincoln Elementary,Madera,93637,https://www.madera.k12.ca.us/lincoln
Esteban Torres East LA Performing Arts Magnet,Los Angeles,90063,https://www.torreselapamagnet.org/
Grape Street Elementary,Los Angeles,90059,https://grapees-lausd-ca.schoolloop.com/
Renaissance High School for the Arts,Long Beach,90813,https://lbrhsa.schoolloop.com/
Rockford Elementary,Porterville,93257,http://rockfordschooldistrict.org/
Tenth Street Elementary,Los Angeles,90015,https://10thstreetes-lausd-ca.schoolloop.com/
Mountain Elementary,Soquel,95073,https://www.mountainesd.org/
Vintage Parkway Elementary,Oakley,94561,https://vin-ouesd-ca.schoolloop.com/
Roberts Ferry Union Elementary,Waterford,95386,http://www.robertsferry.k12.ca.us/
Paradise Elementary,Modesto,95358,https://www.paradiseesd.org/
Don Benito Fundamental,Pasadena,91107,https://www.pusd.us/donbenito
Dolores Street Elementary,Carson,90745,https://doloresstes-lausd-ca.schoolloop.com/
Union Avenue Elementary,Los Angeles,90057,https://uniones-lausd-ca.schoolloop.com/
Grover Beach Elementary,Grover Beach,93433,https://groverbeach.luciamarschools.org/
Walter Colton,Monterey,93940,https://wcms.mpusd.net/
Riley Elementary,Lakewood,90712,https://riley-lbusd-ca.schoolloop.com/
Canyon Charter Elementary,Santa Monica,90402,https://canyoncharter.membershiptoolkit.com/
Manual Arts Senior High,Los Angeles,90037,https://www.mahs.org/
Marina Childrens Center,Marina,93933,http://www.marinachildren.com/
Everett A. Rea Elementary,Costa Mesa,92627,https://rea.nmusd.us/
McKittrick Elementary,McKittrick,93251,https://mckittrickschool.org/
James Workman Middle,Cathedral City,92234,https://www.psusd.us/jwms
Willow Oaks Elementary,Menlo Park,94025,http://willowoaks.ravenswoodschools.org/
Landmark Middle,Moreno Valley,92555,https://landmark.mvusd.net/
Pinewood Elementary,Pollock Pines,95726,https://pes-ppesd-ca.schoolloop.com/
Twentynine Palms Elementary,Twentynine Palms,92277,http://www.morongousd.com/twentyninepalmselementaryschool_home.aspx
Camp Lockett Middle,Campo,91906,https://jm.meusd.org/
Twenty-Fourth Street Elementary,Los Angeles,90018,https://24thstreetes-lausd-ca.schoolloop.com/
Emerson Parkside Academy,Long Beach,90815,https://eme-lbusd-ca.schoolloop.com/
Judith F. Baca Arts Academy,Los Angeles,90002,https://bacaartsacademy-lausd-ca.schoolloop.com/
Paradise Ridge Elementary,Paradise,95969,http://www.pusdk12.org/SchoolsPrograms/Elementary--Intermediate-Schools/Paradise-Ridge-Elementary-School/index.html
Canyon Oaks High,Monrovia,91016,https://cohs.monroviaschools.net/
Golden Hills Elementary,Oroville,95966,https://goldenhills.palermoschools.org/
Soleado Elementary,Rancho Palos Verdes,90275,https://soleado.pvpusd.net/
R. Roger Rowe Middle,Rancho Santa Fe,92067,https://rsfschool.net/6-8school
Martin Luther King Jr. Elementary,Oakland,94607,https://www.ousd.org/Page/4739
Prescott,Oakland,94607,https://www.ousd.org/prescott
Robla Preschool,Sacramento,95838,https://preschool.robla.k12.ca.us/
Twain Elementary,Long Beach,90808,https://twain-lbusd-ca.schoolloop.com/
Bonita Elementary,Crows Landing,95313,https://www.nclusd.org/o/bonita-elementary
Eagle Rock Elementary,Los Angeles,90041,https://www.eaglerockelementary.org/
Fairfax Senior High,Los Angeles,90046,https://www.fairfaxhs.org/
Stagg Street Elementary,Van Nuys,91406,https://stagges-lausd-ca.schoolloop.com/
Cal Burke High,Panorama City,91402,https://calburkehs-lausd-ca.schoolloop.com/
Carson-Gore Academy of Enviornmental Studies,Los Angeles,90018,https://carsongore-lausd-ca.schoolloop.com/
Montebello Gardens Elementary,Pico Rivera,90660,https://mge-montebellousd-ca.schoolloop.com/
Kingsbury Elementary,Redlands,92373,https://www.redlandsusd.net/kingsbury
Neil Hafley Elementary,Manteca,95336,https://www.mantecausd.net/neilhafley
Los Alamitos Elementary,Los Alamitos,90720,https://lae.losal.org/
Piedmont Middle,Piedmont,94611,https://www.piedmont.k12.ca.us/pms/
Paramount Unified Community Day,Paramount,90723,https://www.paramount.k12.ca.us/apps/pages/index.jsp?uREC_ID=51457&type=d
Bandini Elementary,City Of Commerce,90040,https://bae-montebellousd-ca.schoolloop.com/
William & Marian Ghidotti High,Grass Valley,95945,https://ghidotti.njuhsd.com/
Modesto High,Modesto,95351,https://mhs.mcs4kids.com/
Edgemont Elementary,Moreno Valley,92553,https://edgemont.mvusd.net/
Joaquin Miller Elementary,Oakland,94611,https://www.ousd.org/joaquinmiller
Hercules High,Hercules,94547,https://www.wccusd.net/herculeshigh
James C. Enochs High,Modesto,95355,https://enochs.mcs4kids.com/
Lynwood Elementary,Novato,94947,https://lynwood.nusd.org/
Descanso Elementary,Descanso,91916,https://de.meusd.org/
Martin Luther King Jr. Middle,Madera,93638,https://www.madera.k12.ca.us/king
Loma Vista Immersion Academy,Petaluma,94954,https://www.oldadobe.org/Domain/9
Washington Elementary,Montebello,90640,https://wae-montebellousd-ca.schoolloop.com/
Monta Loma Elementary,Mountain View,94043,https://montaloma.mvwsd.org/
Travis Ranch,Yorba Linda,92887,https://www.travisranchschool.org/
William Burnett Elementary,Milpitas,95035,https://burnett.musd.org/
Montemalaga Elementary,Palos Verdes Estates,90274,https://montemalaga.pvpusd.net/
Canoga Park Senior High,Canoga Park,91303,https://www.canogaparkhs.org/
Beethoven Street Elementary,Los Angeles,90066,https://www.beethovenschool.org/
Thomas Jefferson Senior High,Los Angeles,90011,https://jefferson-lausd-ca.schoolloop.com/
Clover Avenue Elementary,Los Angeles,90034,https://www.cloveraveschool.org/
Old Orchard Elementary,Valencia,91355,https://www.newhallschooldistrict.com/OldOrchard
Willow Cove Elementary,Pittsburg,94565,https://www.pittsburg.k12.ca.us/willowcove
Golden West Elementary,Manteca,95336,https://www.mantecausd.net/goldenwest
Aldama Elementary,Los Angeles,90042,https://aldamaes-lausd-ca.schoolloop.com/
Rancho Rosal Elementary,Camarillo,93012,https://www.pleasantvalleysd.org/Domain/16
Highland Elementary,Richmond,94806,https://www.wccusd.net/highland
Ishi Hills Middle,Oroville,95966,https://www.ocesd.net/o/ishi-hills-middle
Jack London Continuation,Van Nuys,91401,https://londonchs-lausd-ca.schoolloop.com/
Blair High,Pasadena,91106,https://www.pusd.us/blair
Merced High,Merced,95348,https://mhs.muhsd.org/merced-high-school
Riverside STEM Academy,Riverside,92507,http://stemacademy.riversideunified.org/
Monte Vista Street Elementary,Los Angeles,90042,https://montevistaes-lausd-ca.schoolloop.com/
Glen Alta Elementary,Los Angeles,90031,https://glenaltaes-lausd-ca.schoolloop.com/
Maxwell Sr High,Maxwell,95955,https://mhs-maxwell-ca.schoolloop.com/
McCabe Elementary,El Centro,92243,https://www.muesd.net/
Miramonte Elementary,El Monte,91732,http://miramonte.mtviewschools.com/
Christa McAuliffe Elementary,Oxnard,93035,https://www.oxnardsd.org/Domain/1028
Seaside Middle,Seaside,93955,https://sms.mpusd.net/
George Washington Elementary,Lodi,95240,https://washington.lodiusd.net/
Olita Elementary,La Habra,90631,https://olita.ljsd.org/
Liggett Street Elementary,Panorama City,91402,https://www.liggettschool.org/
Rialto High,Rialto,92376,https://kec.rialto.k12.ca.us/RialtoHighSchool
Olympic Primary Center,Los Angeles,90015,https://olympicpc-lausd-ca.schoolloop.com/
Performing Arts Community at Diego Rivera Learning Complex,Los Angeles,90001,https://www.pacspride.org/
Magnolia Elementary,Brawley,92227,https://www.magnoliatigers.com/
Jose Antonio Vargas Elementary,Mountain View,94043,https://vargas.mvwsd.org/
Oak Meadows Elementary,Murrieta,92563,https://www.menifeeusd.org/ome/
Metropolitan Continuation,Los Angeles,90021,https://metropolitanhs-lausd-ca.schoolloop.com/
Foshay Learning Center,Los Angeles,90018,https://www.foshaylc.org/
Woodland Elementary,Mariposa,95338,https://www.mcusd.org/WE/
Bryant Ranch Elementary,Yorba Linda,92887,https://www.bryantranchschool.com/
Parklane Elementary,Stockton,95210,https://parklane.lodiusd.net/
Cowan Avenue Elementary,Los Angeles,90045,https://cowantigers.org/
Superior Street Elementary,Chatsworth,91311,https://superiorelem.com/
Cope Middle,Redlands,92373,https://www.redlandsusd.net/cope
Eastwood Elementary,La Mirada,90638,https://www.eastwoodelem.org/
Highlands Elementary,Pittsburg,94565,https://www.pittsburg.k12.ca.us/highlands
Whited Elementary Charter,Santa Rosa,95409,https://www.rvusd.org/o/whited
O'Hara Park Middle,Oakley,94561,https://ops-ouesd-ca.schoolloop.com/
Mountain View Middle,Moreno Valley,92555,https://mountainview.mvusd.net/
Brooklyn Avenue Elementary,Los Angeles,90022,https://brooklynes-lausd-ca.schoolloop.com/
Raymond Avenue Elementary,Los Angeles,90044,https://www.raymondavenue.org/
William Tell Aggeler Opportunity High,Chatsworth,91311,https://aggelerhs-lausd-ca.schoolloop.com/
Knollwood Preparatory Academy,Granada Hills,91344,https://knollwoodprepacademyes-lausd-ca.schoolloop.com/
Mary P. Henck Intermediate,Lake Arrowhead,92352,https://www.rimsd.k12.ca.us/Domain/9
Manzanita Community,Oakland,94601,https://www.ousd.org/manzanitacommunity
Betty Plasencia Elementary,Los Angeles,90026,https://plasenciaes-lausd-ca.schoolloop.com/
Meadows Elementary,El Centro,92243,https://www.meadowsunion.org/
Burton Street Elementary,Panorama City,91402,https://burton-lausd-ca.schoolloop.com/
Gratts Learning Academy for Young Scholars (GLAYS),Los Angeles,90017,https://glays-lausd-ca.schoolloop.com/
Palmer Way,National City,91950,https://www.nsd.us/Domain/16
Middle College High,Stockton,95207,https://middlecollege.lodiusd.net/
C. T. English Middle,Los Gatos,95033,https://www.loma.k12.ca.us/Domain/9
Longfellow Elementary,Long Beach,90807,https://longfellow-lbusd-ca.schoolloop.com/
La Mesa Elementary,Monterey,93940,https://lamesa.mpusd.net/
Donald L. Rheem Elementary,Moraga,94556,https://dres-msd-ca.schoolloop.com/
Lowell Elementary,Long Beach,90803,https://lowell-lbusd-ca.schoolloop.com/
Middle College High,San Pablo,94806,https://www.wccusd.net/middlecollege
Woodsboro Elementary,Anaheim,92807,https://woodsboro.pylusd.org/
Heritage Elementary,Lodi,95240,https://heritageprim.lodiusd.net/
Yamato Colony Elementary,Livingston,95334,https://yc.livingstonusd.org/
Abraham Lincoln Continuation,Riverside,92507,http://lincoln.riversideunified.org/
Morongo Valley Elementary,Morongo Valley,92256,http://www.morongousd.com/morongovalleyelementaryschool_home.aspx
Simon Rodia Continuation,South Gate,90280,https://simonrodiachs-lausd-ca.schoolloop.com/
Grover Cleveland Charter High,Reseda,91335,https://www.clevelandhs.org/
Chemawa Middle,Riverside,92503,http://chemawa.riversideunified.org/
Santa Fe Computer Science Magnet,Monrovia,91016,https://santafe.monroviaschools.net/
Sixth Avenue Elementary,Los Angeles,90018,https://6thave-lausd-ca.schoolloop.com/
Vanalden Avenue Elementary,Reseda,91335,https://www.vanaldenavees.org/
Lockhurst Drive Charter Elementary,Woodland Hills,91367,https://lockhurstdrivecharteres-lausd-ca.schoolloop.com/
Shoal Creek Elementary,San Diego,92128,https://www.powayusd.com/en-US/Schools/ES/SCES/Home
Podesta Ranch Elementary,Stockton,95209,https://podesta.lodiusd.net/
Mayflower Elementary,Monrovia,91016,https://mayflower.monroviaschools.net/
San Jose Elementary,Pomona,91767,https://sanjose.pusd.org/
Ranchito Avenue Elementary,Panorama City,91402,https://www.ranchitoelementary.org/
Rise Community,Oakland,94621,https://www.ousd.org/rise
Seventy-Fourth Street Elementary,Los Angeles,90047,https://74thstes-lausd-ca.schoolloop.com/
Sycamore Elementary,Orange,92868,https://www.orangeusd.org/sycamore-elementary-school
Main Street Elementary,Los Angeles,90011,https://maines-lausd-ca.schoolloop.com/
Rancho Mirage High,Rancho Mirage,92270,http://www.ranchomiragehighschool.org/
Rio Plaza Elementary,Oxnard,93036,https://rioschools.org/rioplaza/
Village Oaks High,Stockton,95207,https://vo.lusd.net/
Stevenson Elementary,Long Beach,90802,https://stevenson-lbusd-ca.schoolloop.com/
Liberty High,Lodi,95240,https://liberty.lodiusd.net/
Katherine Johnson STEM Academy,Los Angeles,90045,https://kjstemacademy.org/
San Jose Intermediate,Novato,94949,https://sanjose.nusd.org/
Stevenson Ranch Elementary,Stevenson Ranch,91381,https://www.newhallschooldistrict.com/Stevenson
Kraemer Middle,Placentia,92870,https://www.kraemerms.org/
Washington Middle,Pasadena,91103,https://www.pusd.us/washingtonms
Maple Primary Center,Los Angeles,90011,https://maplepc-lausd-ca.schoolloop.com/
Desert Springs Middle,Desert Hot Springs,92240,https://www.psusd.us/dsms
Stege Elementary,Richmond,94804,https://www.wccusd.net/stege
The High School at Moorpark College,Moorpark,93021,https://hsmc-moorpark-ca.schoolloop.com/
Middleton Street Elementary,Huntington Park,90255,https://middletones-lausd-ca.schoolloop.com/
MacArthur Elementary,Lakewood,90713,https://macarthur-lbusd-ca.schoolloop.com/
Wagner-Holt Elementary,Stockton,95209,https://wagnerholt.lodiusd.net/
Harvard Elementary,Los Angeles,90004,https://harvardes-lausd-ca.schoolloop.com/
Oak Hills Elementary,Oak Park,91377,https://www.oakparkusd.org/ohes
Ocean View Junior High,Oxnard,93033,https://ovjh.oceanviewsd.org/
Redlands Senior High,Redlands,92374,https://www.redlandsusd.net/rhs
Paradise Valley Engineering Academy,Morgan Hill,95037,https://paradise.mhusd.org/
Vista Colorado Elementary,Needles,92363,https://vces.needlesusd.org/
Cresson Elementary,Norwalk,90650,https://cresson.llcsd.net/
Spring Creek Matanzas Charter,Santa Rosa,95405,https://www.rvusd.org/o/spring-creek
Rio del Valle Middle,Oxnard,93036,https://rioschools.org/riodelvalle/
Dos Caminos Elementary,Camarillo,93010,https://www.pleasantvalleysd.org/Domain/9
Onaga Elementary,Yucca Valley,92284,http://www.morongousd.com/onagaelementaryschool_home.aspx
Hillside Elementary,Los Angeles,90031,https://hillside-lausd-ca.schoolloop.com/
Sycamore Elementary,Redding,96001,https://sycamore.reddingschools.net/
Burbank Elementary,Long Beach,90814,https://bbk-lbusd-ca.schoolloop.com/
Graham Elementary,Los Angeles,90001,https://grahames-lausd-ca.schoolloop.com/
Enchanted Hills Elementary,Perris,92570,https://www.perrisesd.org/Domain/8
Park Western Place Elementary,San Pedro,90732,https://parkwesternplacees-lausd-ca.schoolloop.com/
Maywood Center for Enriched Studies,Maywood,90270,https://srhs8-lausd-ca.schoolloop.com/
Huntington Drive Elementary,Los Angeles,90032,https://hdes-lausd-ca.schoolloop.com/
Monterey High,Monterey,93940,https://montereyhigh.mpusd.net/
Highland Elementary,Riverside,92507,http://highland.riversideunified.org/
Midland Elementary,Poway,92064,https://www.powayusd.com/en-US/Schools/ES/MIES/Home
Marianna Avenue Elementary,Los Angeles,90063,https://mariannaavees-lausd-ca.schoolloop.com/
Arboga Elementary,Olivehurst,95961,http://arboga.mjusd.com/
Rose Drive Elementary,Yorba Linda,92886,https://rosedrive.pylusd.org/
Franklin Elementary,Loomis,95650,https://franklin.loomis-usd.k12.ca.us/
Mt. Diablo Elementary,Clayton,94517,https://mdes-mdusd-ca.schoolloop.com/
Mountain View Elementary,Concord,94521,https://mves-mdusd-ca.schoolloop.com/
Amelia Earhart Continuation,North Hollywood,91601,https://earharths-lausd-ca.schoolloop.com/
Mountain High,Lake Arrowhead,92325,https://www.rimsd.k12.ca.us/Domain/13
Oak Avenue Elementary,Los Altos,94024,https://www.oakschool.org/
Frank del Olmo Elementary,Los Angeles,90004,https://delolmo-lausd-ca.schoolloop.com/
Ramona Elementary,Oxnard,93030,https://www.oxnardsd.org/Domain/1143
Stanford Primary Center,South Gate,90280,https://stanfordpc-lausd-ca.schoolloop.com/
Alexander Fleming Middle,Lomita,90717,https://flemingms.org/
Rudolph Rivera Middle,Merced,95348,https://www.mcsd.k12.ca.us/RiveraMS
Gault Street Elementary,Lake Balboa,91406,https://gaultelementary.weebly.com/
Los Angeles Senior High,Los Angeles,90019,https://www.lahigh.org/
Mary Collins Charter School at Cherry Valley,Petaluma,94952,https://www.petalumacityschools.org/cherryvalley
Silver Spur Elementary,Rancho Palos Verdes,90275,https://silverspur.pvpusd.net/
Hawthorne Elementary,Riverside,92503,http://hawthorne.riversideunified.org/
Kittridge Street Elementary,Van Nuys,91401,https://kittridgees-lausd-ca.schoolloop.com/
Mendocino K-8,Mendocino,95460,http://www.mendocinousd.org/MES
Highland Ranch Elementary,San Diego,92128,https://www.powayusd.com/en-US/Schools/ES/HRES/Home
Vinewood Elementary,Lodi,95242,https://vinewood.lodiusd.net/
YES Academy,Los Angeles,90043,https://yesacademy-lausd-ca.schoolloop.com/
Channel Islands High,Oxnard,93033,https://www.channelislandshigh.us/
Lois E. Borchardt Elementary,Lodi,95240,https://borchardt.lodiusd.net/
Mark Twain Elementary,Angels Camp,95222,https://www.mtwain.k12.ca.us/
Cedar Lane Elementary,Olivehurst,95961,http://cedarlane.mjusd.com/
Harris Newmark Continuation,Los Angeles,90026,https://newmarkhs-lausd-ca.schoolloop.com/
Ripon Elementary,Ripon,95366,https://www.riponel.com/
Dooley Elementary,Long Beach,90805,https://dooley-lbusd-ca.schoolloop.com/
Vista Grande Elementary,Rancho Palos Verdes,90275,https://vistagrande.pvpusd.net/
El Dorado Avenue Elementary,Sylmar,91342,https://eldorado-lausd-ca.schoolloop.com/
Mark Keppel,Paramount,90723,https://www.paramount.k12.ca.us/apps/pages/index.jsp?uREC_ID=51454&type=d&pREC_ID=63428
Callie Kirkpatrick Elementary,Menifee,92584,https://www.menifeeusd.org/cke/
Paularino Elementary,Costa Mesa,92626,https://paularino.nmusd.us/
Morningside Elementary,San Fernando,91340,https://morningsidees-lausd-ca.schoolloop.com/
Tamalpais Valley Elementary,Mill Valley,94941,https://www.mvschools.org/tm
Norris Elementary,Bakersfield,93312,https://nes.norris.k12.ca.us/
San Antonio Elementary,Pomona,91767,https://sanantonio.pusd.org/
Lankershim Elementary,North Hollywood,91601,https://le-lausd-ca.schoolloop.com/
Pueblo de Los Angeles Continuation,Los Angeles,90031,https://pdla-lausd-ca.schoolloop.com/
Melvin Avenue Elementary,Reseda,91335,https://melvinmustangs.net/
Benjamin Franklin Elementary,Riverside,92508,http://franklin.riversideunified.org/
Mission Continuation,San Fernando,91340,https://missionhs-lausd-ca.schoolloop.com/
Oak Middle,Los Alamitos,90720,https://oak.losal.org/
Valley Oaks Elementary (Alternative),Petaluma,94952,https://www.petalumacityschools.org/valleyoaks
La Merced Elementary,Montebello,90640,https://lme-montebellousd-ca.schoolloop.com/
Franklin Elementary,Oakland,94606,https://www.ousd.org/franklin
One Hundred Seventh Street Elementary,Los Angeles,90003,https://107street-lausd-ca.schoolloop.com/
Jack L. Weaver Elementary,Los Alamitos,90720,https://weaver.losal.org/
San Fernando Senior High,San Fernando,91340,https://www.sanfernandohs.com/
Castroville Elementary,Castroville,95012,https://www.nmcusd.org/castroville
Fifty-Second Street Elementary,Los Angeles,90037,https://52ndstreetes-lausd-ca.schoolloop.com/
Mercey Springs Elementary,Los Banos,93635,https://www.losbanosusd.org/mses
Moreno Valley Online Academy,Moreno Valley,92553,https://mvoa.mvusd.net/
Parlier Junior High,Parlier,93648,https://pjhs.parlierunified.org/
Broad Avenue Elementary,Wilmington,90744,https://broadavees-lausd-ca.schoolloop.com/
Delta Home Charter,Tracy,95304,https://www.deltacharter.net/cms/day?d=x&group_id=1477812890067&return_url=1540264583623&day_id=1518076800000
Ledesma (Rita) Elementary,San Jose,95138,https://ledesma.ogsd.net/
Planada Elementary,Planada,95365,https://www.planada.org/
Danube Avenue Elementary,Granada Hills,91344,https://danubeavenue.wixsite.com/danube
Westside Union Elementary,Los Banos,93635,https://www.losbanosusd.org/wues
Sun Terrace Elementary,Concord,94520,https://sutes-mdusd-ca.schoolloop.com/
Valley Robotics Academy,Lodi,95242,https://valleyrobotics.lodiusd.net/
American Canyon High,American Canyon,94503,https://achs-nvusd-ca.schoolloop.com/
Mountain View High,Mountain View,94040,https://mvhs.mvla.net/
Grant Elementary,Richmond,94804,https://www.wccusd.net/grant
Charles T. Kranz Intermediate,El Monte,91732,https://kranz.mtviewschools.com/
Golden View Elementary,Huntington Beach,92647,https://www.ovsd.org/golden
Palos Verdes Intermediate,Palos Verdes Estates,90274,https://pvis.pvpusd.net/
Victoria Elementary,Costa Mesa,92627,https://victoria.nmusd.us/
Farmdale Elementary,Los Angeles,90032,https://farmdalees-lausd-ca.schoolloop.com/
McKinley Institute of Technology,Redwood City,94062,https://www.rcsdk8.net/mit
Sylmar Elementary,Sylmar,91342,https://sylmares-lausd-ca.schoolloop.com/
Kester Avenue Elementary,Van Nuys,91411,https://kesterelementary.org/
Jenny Oropeza Elementary,Long Beach,90813,https://int-lbusd-ca.schoolloop.com/
Queen Anne Place Elementary,Los Angeles,90019,https://www.queenanneplace.com/
H. A. Snow Elementary,Newark,94560,https://snow.newarkunified.org/
North Star Academy,Redwood City,94062,https://www.rcsdk8.net/northstar
Oak Park High,Oak Park,91377,https://www.oakparkusd.org/ophs
Nellie N. Coffman Middle,Cathedral City,92234,https://www.psusd.us/ncms
Juliette Low School of the Arts,Anaheim,92801,https://low.magnoliasd.org/
Wilbur Charter For Enriched Academics,Tarzana,91356,https://www.wilburcharter.org/
Prunedale Elementary,Salinas,93907,https://www.nmcusd.org/prunedale
Corona Avenue Elementary,Bell,90201,https://cas-lausd-ca.schoolloop.com/
Taper Avenue Elementary,San Pedro,90731,https://www.tapertigers.com/
McNear Elementary,Petaluma,94952,https://www.petalumacityschools.org/mcnear
Della S. Lindley Elementary,Thousand Palms,92276,https://www.psusd.us/dles
Mariposa Elementary,Mariposa,95338,https://www.mcusd.org/ME/
Oak Knoll Elementary,Menlo Park,94025,https://district.mpcsd.org/OakKnoll
Lakeview Elementary,El Dorado Hills,95762,http://www.mylakevieweagles.com/
White Point Elementary,San Pedro,90731,https://whitepointes-lausd-ca.schoolloop.com/
Sierra Elementary,Placerville,95667,https://www.pusdk8.us/o/sierra
Cesar E. Chavez Lrng Acads-Arts/Theatre/Entertain Mag,San Fernando,91340,https://artesmagnet.org/
John O. Tynes Elementary,Placentia,92870,https://www.johnotynes.org/
Paul Revere Charter Middle,Los Angeles,90049,https://www.paulreverems.com/
Los Alamitos High,Los Alamitos,90720,https://lahs.losal.org/
Whitman Continuation,Los Angeles,90036,https://whitmanhs-lausd-ca.schoolloop.com/
Florence Avenue Elementary,Los Angeles,90001,https://florenceave-lausd-ca.schoolloop.com/
Oak Grove Middle,Concord,94518,https://ogms-mdusd-ca.schoolloop.com/
Robert M. Pyles STEM Academy,Stanton,90680,https://pyles.magnoliasd.org/
Marina Vista Elementary,Marina,93933,https://marinavista.mpusd.net/
Killybrooke Elementary,Costa Mesa,92626,https://killybrooke.schoolloop.com/
Orange Unified Pre-K SDC,Anaheim,92807,https://www.orangeusd.org/orange-unified-pre-k-sdc
Venice Senior High,Los Angeles,90066,https://venicehs-lausd-ca.schoolloop.com/
Wilson High,Long Beach,90804,https://lbwilson.schoolloop.com/
Judson & Brown Elementary,Redlands,92374,https://www.redlandsusd.net/Domain/14
Harriette Kirschen Elementary,Modesto,95351,https://kirschen.mcs4kids.com/
Emerson Community Charter,Los Angeles,90024,https://emersonms-lausd-ca.schoolloop.com/
Havens Elementary,Piedmont,94611,http://www.piedmont.k12.ca.us/havens/
Fair Oaks Elementary,Pleasant Hill,94523,https://foes-mdusd-ca.schoolloop.com/
Jefferson Elementary,Riverside,92504,http://jefferson.riversideunified.org/
Bella Vista Elementary,Monterey Park,91754,https://bve-montebellousd-ca.schoolloop.com/
Del Rey Elementary,Orinda,94563,https://dr-orinda-ca.schoolloop.com/
Garfield Elementary,Oakland,94606,https://www.ousd.org/garfield
Jerry Voorhis Elementary,El Monte,91732,http://voorhis.mtviewschools.com/
Hobart Boulevard Elementary,Los Angeles,90006,https://hobartes-lausd-ca.schoolloop.com/
Costano Elementary,East Palo Alto,94303,http://costano.ravenswoodschools.org/
San Fernando Institute of Applied Media,San Fernando,91340,https://sfiam-lausd-ca.schoolloop.com/
Euclid Avenue Elementary,Los Angeles,90023,https://euclidavees-lausd-ca.schoolloop.com/
Pacific Union Elementary,Fresno,93725,https://www.pacificunion.k12.ca.us/
Rosewood Avenue Elementary,Los Angeles,90048,https://www.rosewoodelementary.org/
Montgomery Elementary,Cazadero,95421,https://www.mescaz.org/
Andres and Maria Cardenas Elementary,Van Nuys,91405,https://cardenases-lausd-ca.schoolloop.com/
Sunshine Special Education,Riverside,92503,http://sunshine.riversideunified.org/
James Monroe Elementary,Madera,93638,https://www.madera.k12.ca.us/monroe
Newport Heights Elementary,Newport Beach,92663,https://newportheights.nmusd.us/
George Ellery Hale Charter Academy,Woodland Hills,91367,https://www.halecharteracademy.com/
Odyssey Continuation,South Gate,90280,https://odyssey-lausd-ca.schoolloop.com/
Lincoln Unified Preschool,Stockton,95209,https://www.lusd.net/apps/pages/index.jsp?uREC_ID=1591101&type=d&pREC_ID=1718428
Fairburn Avenue Elementary,Los Angeles,90024,https://www.fairburnschool.org/
Old Adobe Elementary Charter,Petaluma,94954,https://www.oldadobe.org/Domain/8
Ulysses S. Grant Senior High,Van Nuys,91401,https://www.granths.org/
Easterbrook Discovery,San Jose,95129,https://easterbrook.moreland.org/
Reid High,Long Beach,90810,https://reid-lbusd-ca.schoolloop.com/
Nora Sterry Elementary,Los Angeles,90025,https://norasterryes-lausd-ca.schoolloop.com/
Oceanside High,Oceanside,92054,https://ohs-ousd-ca.schoolloop.com/
Bryn Mawr Elementary,Loma Linda,92354,https://www.redlandsusd.net/brynmawr
Augustus F. Hawkins High A Critical Design and Gaming,Los Angeles,90044,https://www.hawkinshs.org/
Community High,Moorpark,93021,http://www.hsmc.mrpk.org/
Hillview Junior High,Pittsburg,94565,https://www.pittsburg.k12.ca.us/hillview
Mid-City's Prescott School of Enriched Sciences,Los Angeles,90018,https://midcity-ses-lausd-ca.schoolloop.com/
Beachy Avenue Elementary,Arleta,91331,https://beachyes-lausd-ca.schoolloop.com/
Foothill Intermediate,Marysville,95901,http://foothill.mjusd.com/
Pacific Coast Charter,Watsonville,95076,https://pccs-pajaro-ca.schoolloop.com/
Burbank Boulevard Elementary,North Hollywood,91607,https://burbankes-lausd-ca.schoolloop.com/
Ann Soldo Elementary,Watsonville,95076,https://ann-pajaro-ca.schoolloop.com/
Hope Street Elementary,Huntington Park,90255,https://hse-lausd-ca.schoolloop.com/
Summit View Independent Study,Riverside,92506,http://eoc.riversideunified.org/transcripts/summit_view
San Luis Rey Elementary,Oceanside,92054,https://slr-ousd-ca.schoolloop.com/
Hoover Elementary,Oakland,94608,https://www.ousd.org/hoover
Sierra High,Manteca,95336,https://www.mantecausd.net/sierrahighschool
Grant Elementary,Long Beach,90805,https://gra-lbusd-ca.schoolloop.com/
Concord High,Concord,94521,https://chs-mdusd-ca.schoolloop.com/
Tincher Preparatory,Long Beach,90815,https://lbtincher.schoolloop.com/
Noble Avenue Elementary,North Hills,91343,https://nobleavees-lausd-ca.schoolloop.com/
Ford Boulevard Elementary,Los Angeles,90022,https://ford-lausd-ca.schoolloop.com/
Seneca Elementary,Moreno Valley,92557,https://seneca.mvusd.net/
Chatsworth Charter High,Chatsworth,91311,https://www.chatsworthhs.org/
Oceano Elementary,Oceano,93445,https://oceano.luciamarschools.org/
Yorba Middle,Orange,92867,https://www.orangeusd.org/yorba
Hosler Middle,Lynwood,90262,https://hms.lynwood.k12.ca.us/
Twentynine Palms High,Twentynine Palms,92277,http://www.morongousd.com/twentyninepalmshighschool_home.aspx
Victoria Elementary,Riverside,92506,http://victoria.riversideunified.org/
Strandwood Elementary,Pleasant Hill,94523,https://stes-mdusd-ca.schoolloop.com/
Westwood Charter Elementary,Los Angeles,90025,https://westwoodcharteres-lausd-ca.schoolloop.com/
Joseph Weller Elementary,Milpitas,95035,https://weller.musd.org/
Mariposa Elementary,Ontario,91764,https://www.omsd.net/Mariposa
San Pedro Street Elementary,Los Angeles,90015,https://sanpedroes-lausd-ca.schoolloop.com/
Sylmar Biotech Health and Engineering Magnet,Sylmar,91342,https://www.wearesbha.org/
Vineyard Alternative,Livermore,94550,https://www.livermoreschools.org/vineyard
Willow Grove Elementary,San Diego,92127,https://www.powayusd.com/en-US/Schools/ES/WGES/Home
San Fernando Elementary,San Fernando,91340,https://sanfernandoes-lausd-ca.schoolloop.com/
Sun Valley Magnet,Sun Valley,91352,https://sunvalleyms-lausd-ca.schoolloop.com/
Panorama Elementary,Santa Ana,92705,https://www.orangeusd.org/panorama-elementary-school
Luther Burbank Elementary,Merced,95340,https://www.mcsd.k12.ca.us/Burbank
Vineyard Elementary,Ontario,91764,https://www.omsd.net/vineyard
University Pathways Public Service Academy,Los Angeles,90001,https://www.theupathways.com/
Mt. Carmel High,San Diego,92129,https://www.powayusd.com/en-US/Schools/HS/MCHS/HOME
Marin Oaks High,Novato,94947,https://marinoaks.nusd.org/
Brookfield Elementary,Oakland,94603,https://www.ousd.org/brookfield
Citrus Valley High,Redlands,92374,https://www.redlandsusd.net/cvhs
Pomona High,Pomona,91767,https://pomona.pusd.org/
Pomona Elementary,Costa Mesa,92627,https://pomona.nmusd.us/
Serrania Avenue Charter For Enriched Studies,Woodland Hills,91364,https://www.serraniacharter.com/
Pinacate Middle,Perris,92570,https://www.pms.puhsd.org/
Old Mill Elementary,Mill Valley,94941,https://www.mvschools.org/om
Pearl Zanker Elementary,Milpitas,95035,https://zanker.musd.org/
Delta Charter,Tracy,95304,https://www.deltacharter.net/
Tamarisk Elementary,Palmdale,93550,https://www.palmdalesd.org/Page/4476
Calaveras Hills,Milpitas,95035,https://chhs.musd.org/
Abraham Lincoln Senior High,Los Angeles,90031,https://www.lincolnhs.org/
Grace M. Davis High,Modesto,95350,https://davis.mcs4kids.com/
La Entrada Middle,Menlo Park,94025,https://le-llesd-ca.schoolloop.com/
Dahlia Heights Elementary,Los Angeles,90041,https://dhes-lausd-ca.schoolloop.com/
Malabar Street Elementary,Los Angeles,90063,https://malabar.schoolloop.com/
Costa Mesa High,Costa Mesa,92626,https://cmhs.nmusd.us/
John Foster Dulles Elementary,La Mirada,90638,https://www.dulleselementary.org/
Stephen M. White Middle,Carson,90745,https://whitems-lausd-ca.schoolloop.com/
Montebello Park Elementary,Los Angeles,90022,https://mpe-montebellousd-ca.schoolloop.com/
Dr. Peter Marshall,Anaheim,92801,https://marshall.magnoliasd.org/
Bernardo Heights Middle,San Diego,92128,https://www.powayusd.com/en-US/Schools/MS/BHMS/Home
Cheremoya Avenue Elementary,Los Angeles,90028,https://cheremoya-lausd-ca.schoolloop.com/
Cleveland Elementary,Oakland,94606,https://www.ousd.org/cleveland
Lincoln Elementary,Long Beach,90813,https://lincoln-lbusd-ca.schoolloop.com/
John H. Liechty Middle,Los Angeles,90017,https://liechtyms-lausd-ca.schoolloop.com/
Alicia Reyes Elementary,Merced,95340,https://www.mcsd.k12.ca.us/Reyes
Alvarado Elementary,Union City,94587,http://aes.mynhusd.org/
Diablo View Middle,Clayton,94517,https://dvms-mdusd-ca.schoolloop.com/
Westminster Avenue Elementary,Venice,90291,https://www.westminsterelementary.org/
Orville Wright Elementary,Modesto,95354,https://wright.mcs4kids.com/
Newport Elementary,Newport Beach,92661,https://newport.schoolloop.com/
Coronado Elementary,Richmond,94804,https://www.wccusd.net/coronado
Ocean View Early Education,Oxnard,93033,https://ovees.oceanviewsd.org/
Ganesha High,Pomona,91768,https://ganesha.pusd.org/
Pleasant Valley Elementary,Novato,94947,https://pleasantvalley.nusd.org/
Kimberly Elementary,Redlands,92373,https://www.redlandsusd.net/kimberly
Napa Valley Language Academy,Napa,94558,https://nvla-nvusd-ca.schoolloop.com/
Alcott Elementary,Pomona,91766,https://alcott.pusd.org/
Darby Avenue Elementary,Northridge,91326,https://www.darbyelementary.org/
Dr. Maya Angelou Community High,Los Angeles,90011,https://angelouchs-lausd-ca.schoolloop.com/
Mission Elementary,Soledad,93960,http://www.missionusd.org/
Cesar E Chavez Elementary,Parlier,93648,https://cce.parlierunified.org/
Naples Elementary,Long Beach,90803,https://naples-lbusd-ca.schoolloop.com/
Robert Sanders Elementary,San Jose,95127,https://www.mpesd.org/Sanders
Juniper Ridge Elementary,Termo,96132,http://www.juniperridge.org/
Macy Intermediate,Monterey Park,91755,https://mai-montebellousd-ca.schoolloop.com/
King Elementary,Long Beach,90805,https://starrking-lbusd-ca.schoolloop.com/
Los Arboles Middle,Marina,93933,https://www.losarbolesmiddle.org/
Abraham Lincoln,Paramount,90723,https://lincoln.pusdschools.net/
Mt. Washington Elementary,Los Angeles,90065,https://mtwashington-lausd-ca.schoolloop.com/
Latona Avenue Elementary,Los Angeles,90031,https://latonaes-lausd-ca.schoolloop.com/
Nishimoto Elementary,Madera,93638,https://www.madera.k12.ca.us/nishimoto
Los Banos Special Education Preschool,Los Banos,93635,http://www.losbanosusd.k12.ca.us/
Las Plumas High,Oroville,95966,https://www.ouhsd.org/lphs
William Jefferson Clinton Middle,Los Angeles,90007,https://wjcms-lausd-ca.schoolloop.com/
Heritage High,Brentwood,94513,https://ca01001129.schoolwires.net/heritage
Mountain View Elementary,Riverside,92504,http://mountainview.riversideunified.org/
Browns Valley Elementary,Browns Valley,95918,http://brownsvalley.mjusd.com/
ACORN Woodland Elementary,Oakland,94621,https://www.acornwoodland.com/
Martin Luther King,Seaside,93955,https://king.mpusd.net/
Melrose Leadership Academy,Oakland,94619,https://melroseleadershipacademy.org/
Greenville Elementary,Greenville,95947,https://ives.pcoe.k12.ca.us/
Dunn Elementary,Rialto,92376,https://kec.rialto.k12.ca.us/dunn
Robert Down Elementary,Pacific Grove,93950,https://robertdown.pgusd.org/
Hudson K-8,Long Beach,90810,https://lbhudson.schoolloop.com/
Millview Elementary,Madera,93638,https://www.madera.k12.ca.us/millview
Bel Air Elementary,Bay Point,94565,https://baes-mdusd-ca.schoolloop.com/
Esplanade Elementary,Orange,92869,https://www.orangeusd.org/esplanade
Charles Leroy Lowman Special Ed and Career Transition Center,North Hollywood,91605,https://lowman-lausd-ca.schoolloop.com/
Orcutt Academy Charter,Orcutt,93455,http://orcuttacademy.orcuttschools.net/
Oro Grande Elementary,Oro Grande,92368,http://www.orogrande.net/
Montebello Intermediate,Montebello,90640,https://moi-montebellousd-ca.schoolloop.com/
Ella Elementary,Olivehurst,95961,http://ella.mjusd.com/
Grand Island Elementary,Grimes,95950,https://gie.pierce.k12.ca.us/
Howard Tanner,Paramount,90723,https://tanner.pusdschools.net/
Madison Elementary,Riverside,92504,http://madison.riversideunified.org/
Mountain Empire High,Pine Valley,91962,https://mehs.meusd.org/
Parker Elementary,Oakland,94605,https://www.ousd.org/parker
Pacific Grove Middle,Pacific Grove,93950,https://pgmiddle.pgusd.org/
Taft Elementary,Orange,92865,https://www.orangeusd.org/taft-elementary-school
Field (Eugene) Elementary,Pasadena,91107,https://www.pusd.us/field
Grant Elementary,Los Angeles,90028,https://www.grantes-lausd.org/
Mokelumne High (Continuation),Courtland,95615,https://moke-rdusd-ca.schoolloop.com/
Washington Elementary,Pasadena,91103,http://washington.pasadenausd.org/
Montvue Elementary,Pomona,91767,https://montvue.pusd.org/
Birney Elementary,Long Beach,90806,https://birney-lbusd-ca.schoolloop.com/
Elderberry Elementary,Ontario,91762,https://www.omsd.net/Elderberry
William R. Anton Elementary,Los Angeles,90063,https://antones-lausd-ca.schoolloop.com/
Valley View Elementary,Los Angeles,90068,http://www.valleyviewelementary.org/
Martin Luther King Jr. Elementary,Richmond,94804,https://www.wccusd.net/king
Cordua Elementary,Marysville,95901,http://cordua.mjusd.com/
Central Language Academy,Ontario,91764,https://www.omsd.net/Domain/12
Kolb Middle,Rialto,92377,https://kec.rialto.k12.ca.us/kolb
Del Mar Elementary,Santa Cruz,95062,https://dm.losd.ca/
Montecito Union,Santa Barbara,93108,https://montecitou.org/
Haddon Avenue Elementary,Pacoima,91331,http://haddones-lausd-ca.schoolloop.com/
Core Learning Academy at Conley-Caraballo High,Hayward,94544,http://www.conleycaraballo.com/
Riverside Drive Charter,Sherman Oaks,91423,https://www.riversidedrivecharter.org/
Chaparral Elementary,Poway,92064,https://www.powayusd.com/en-US/Schools/ES/CHES/Home
Educational Options Center State Preschool,Riverside,92506,http://eoc.riversideunified.org/
Franklin Elementary,Merced,95348,https://www.mcsd.k12.ca.us/franklin/
Washington Elementary,Richmond,94801,https://www.wccusd.net/washington
Sequoia Middle,Pleasant Hill,94523,https://sms-mdusd-ca.schoolloop.com/
Yucca Valley High,Yucca Valley,92284,https://www.morongousd.com/yuccavalleyhighschool_home.aspx
Rio Vista Elementary,Bay Point,94565,https://rves-mdusd-ca.schoolloop.com/
South Oceanside Elementary,Oceanside,92054,https://southo-ousd-ca.schoolloop.com/
Hope View Elementary,Huntington Beach,92647,https://www.ovsd.org/hope
Oak View Elementary,Acampo,95220,http://www.myoakview.com/
Mentone Elementary,Mentone,92359,https://www.redlandsusd.net/mentone
Parkwood Elementary,Madera,93637,https://www.madera.k12.ca.us/Domain/441
Kynoch Elementary,Marysville,95901,http://kynoch.mjusd.com/#
Soto Street Elementary,Los Angeles,90023,https://sse-lausd-ca.schoolloop.com/
Oroville High Community Day,Oroville,95965,https://www.ouhsd.org/Domain/346
Emerson Elementary,Oakland,94609,https://www.ousd.org/emerson
Quincy Elementary,Quincy,95971,https://qes.pcoe.k12.ca.us/
Virgil Middle,Los Angeles,90004,https://www.virgilms.net/
Chester W. Morrison Elementary,Menifee,92584,https://www.menifeeusd.org/cwm/
Duveneck Elementary,Palo Alto,94303,https://duveneck.pausd.org/
Houston,Acampo,95220,http://houston.lodiusd.net/
James Monroe High,North Hills,91343,https://www.monroehs.org/
Arleta High,Arleta,91331,https://www.arletahigh.net/
Lassen Elementary,North Hills,91343,https://lassenel-lausd-ca.schoolloop.com/
National School District Preschool,National City,91950,https://www.nsd.us/Domain/18
Peachland Avenue Elementary,Newhall,91321,https://www.newhallschooldistrict.com/Peachland
Del Rio Elementary,Oceanside,92057,https://delrio-ousd-ca.schoolloop.com/
Edwin Markham Middle,Placerville,95667,https://www.pusdk8.us/o/emms
Short Avenue Elementary,Los Angeles,90066,https://www.shortavenue.org/
Evans Ranch Elementary,Menifee,92584,https://www.menifeeusd.org/ere/
View Park Continuation,Los Angeles,90016,https://viewparkconths-lausd-ca.schoolloop.com/
Amesti Elementary,Watsonville,95076,https://ame-pajaro-ca.schoolloop.com/
Madrone Elementary,Santa Rosa,95409,https://www.rvusd.org/o/madrone
Desert Junior-Senior High,Edwards,93523,http://muroc.k12.ca.us/desert/
Corte Madera,Portola Valley,94028,http://cms.pvsd.net/
Montalvin Manor Elementary,San Pablo,94806,https://www.wccusd.net/montalvin
Cesar Chavez Middle,Oceanside,92057,https://ccms-ousd-ca.schoolloop.com/
President Avenue Elementary,Harbor City,90710,https://presidentavees-lausd-ca.schoolloop.com/
Westview High,San Diego,92129,https://www.powayusd.com/en-US/Schools/HS/WVHS/HOME
Allison Elementary,Pomona,91767,https://allison.pusd.org/
Thurgood Marshall Elementary,Oxnard,93036,https://www.oxnardsd.org/marshall
Community Magnet Charter Elementary,Los Angeles,90049,http://www.communitymagnet.org/
Henry Ford Elementary,Redwood City,94061,https://www.rcsdk8.net/henryford
Macy Elementary,La Habra,90631,https://macy.ljsd.org/
Vista Grande Elementary,Ontario,91762,https://www.omsd.net/VistaGrande
Lomita Math/Science/Technology Magnet,Lomita,90717,https://lomitamsm-lausd-ca.schoolloop.com/
Yuba Feather Elementary,Challenge,95925,http://yubafeather.mjusd.com/
Simons Middle,Pomona,91766,https://simons.pusd.org/
Loren Miller Elementary,Los Angeles,90044,https://miller-lausd-ca.schoolloop.com/
Dos Caminos Dual Immersion,Palmdale,93551,https://www.palmdalesd.org/Page/4460
Maidu Virtual Charter Academy,Auburn,95603,https://sites.google.com/puhsd.k12.ca.us/mvca/home
Plummer Elementary,North Hills,91343,https://www.plummerpanthers.org/
Cienega Elementary,Los Angeles,90016,https://www.cienegaelementary.org/
La Tercera Elementary,Petaluma,94954,https://www.oldadobe.org/Domain/10
Adams Elementary,Costa Mesa,92626,https://adams.schoolloop.com/
Encino Charter Elementary,Encino,91316,https://www.encinoelementary.net/
Monte Vista High,Costa Mesa,92627,https://montevista.nmusd.us/cms/day?d=x&group_id=1210529521898&return_url=1538246568087&day_id=1536476400000
Mission Elementary,Oceanside,92058,https://mission-ousd-ca.schoolloop.com/
Pacifica High,Oxnard,93036,https://www.pacificahigh.us/
Norman R. Brekke Elementary,Oxnard,93030,https://www.oxnardsd.org/Domain/47
Wadsworth Avenue Elementary,Los Angeles,90011,https://wadsworthavees-lausd-ca.schoolloop.com/
Skyline High,Oakland,94619,https://www.ousd.org/skyline
Marina Vista Elementary,Pittsburg,94565,https://www.pittsburg.k12.ca.us/marinavista
Bayview Elementary,San Pablo,94806,https://www.wccusd.net/bayview
Meiners Oaks Elementary,Ojai,93023,https://www.ojaiusd.org/o/meiners-oaks
Roosevelt Elementary,Pomona,91768,https://roosevelt.pusd.org/
Vintage High,Napa,94558,https://vhs-nvusd-ca.schoolloop.com/
Colfax Charter Elementary,North Hollywood,91607,https://colfaxcharter-lausd-ca.schoolloop.com/
Harloe Elementary,Arroyo Grande,93420,https://harloe.luciamarschools.org/
Mesa Middle,Arroyo Grande,93420,https://mesa.luciamarschools.org/
Livermore High,Livermore,94550,https://www.livermoreschools.org/livermorehigh
Central Coast New Tech High,Nipomo,93444,https://www.ccnth.org/
McKinley Elementary,Petaluma,94952,https://www.petalumacityschools.org/mckinley
Packard Children's Hospital/Stanford,Palo Alto,94304,https://www.stanfordchildrens.org/en/location/lucile-packard-childrens-hospital
Horace Mann UCLA Community,Los Angeles,90047,https://manncs.gseis.ucla.edu/
Bernal Intermediate,San Jose,95119,https://bernal.ogsd.net/
Lompoc Valley Middle,Lompoc,93436,https://lompocvalleymiddleschool.lusd.org/
Harte Elementary,Long Beach,90805,https://harte-lbusd-ca.schoolloop.com/
Herk Bouris Elementary,Lake Elsinore,92532,https://www.menifeeusd.org/hbe/
Manchester Avenue Elementary,Los Angeles,90044,https://manchester-lausd-ca.schoolloop.com/
Boulder Ridge Elementary,Menifee,92585,https://www.romoland.net/Domain/9
Cesar Chavez Middle,Union City,94587,https://sites.google.com/a/nhusd.k12.ca.us/ccmweb/
Taawila Elementary,Menifee,92586,https://www.menifeeusd.org/tes/
North Hollywood Senior High,North Hollywood,91601,https://www.nhhs.net/
Overland Avenue Elementary,Los Angeles,90064,https://overlandsas-lausd-ca.schoolloop.com/
El Camino High (Continuation),Whittier,90604,https://www.elcaminocarousel.org/
Multnomah Street Elementary,Los Angeles,90032,https://multnomah-lausd-ca.schoolloop.com/
Pinole Middle,Pinole,94564,https://www.wccusd.net/pinole
Livingston High,Livingston,95334,http://lhs.muhsd.org/
Irving L. Branch Elementary,Edwards,93523,http://muroc.k12.ca.us/branch/
Lucille M. Nixon Elementary,Stanford,94305,https://www.lmnixon.org/
Johnnie Cochran Jr. Middle,Los Angeles,90019,https://cochranms-lausd-ca.schoolloop.com/
Andrew Carnegie Middle,Carson,90745,https://www.carnegiems.org/
Van Nuys Senior High,Van Nuys,91411,https://www.vannuyshs.org/
Rancho-Starbuck Intermediate,Whittier,90604,https://ranchostarbuck.ljsd.org/
Cesar E. Chavez Elementary,Bell Gardens,90201,https://cce-montebellousd-ca.schoolloop.com/
Jefferson Middle,Oceanside,92058,https://jms-ousd-ca.schoolloop.com/
Lynwood Middle,Lynwood,90262,https://lms.lynwood.k12.ca.us/
Cambridge Elementary,Orange,92866,https://www.orangeusd.org/cambridge-elementary-school
Bubbling Wells Elementary,Desert Hot Springs,92240,https://www.psusd.us/bwes
Rio Vista Elementary,Anaheim,92806,https://www.riovistaschool.org/
Fairgrove Elementary,Grover Beach,93433,https://fairgrove.luciamarschools.org/
Weston Ranch High,Stockton,95206,https://www.mantecausd.net/westonranchhighschool
Robert F. Kennedy Elementary,Los Angeles,90063,https://kennedyes-lausd-ca.schoolloop.com/
Parkside Elementary,Pittsburg,94565,https://www.pittsburg.k12.ca.us/parkside
Lopez Continuation High,Arroyo Grande,93420,https://lopez.luciamarschools.org/
Harvest Valley Elementary,Romoland,92585,https://www.romoland.net/Domain/10
Ramona Community Montessori,Ramona,92065,https://rcms.ramonausd.net/
Rosedale Middle,Bakersfield,93312,https://www.ruesd.net/rosedalemiddle
Lemonwood Elementary,Oxnard,93033,https://www.oxnardsd.org/Domain/956
Decker Elementary,Pomona,91766,https://decker.pusd.org/
Seaside High,Seaside,93955,https://shs.mpusd.net/
Sunnymead Elementary,Moreno Valley,92553,https://sunnymead.mvusd.net/
Bertrand Avenue Elementary,Reseda,91335,https://bertrandes-lausd-ca.schoolloop.com/
Rio Mesa High,Oxnard,93030,https://www.riomesahigh.us/
Plainview Academic Charter Academy,Tujunga,91042,https://plainviewave-lausd-ca.schoolloop.com/
Marguerite Poindexter LaMotte Elementary,Los Angeles,90037,https://lamottees-lausd-ca.schoolloop.com/
Little Shasta Elementary,Montague,96064,https://lse-lsesd-ca.schoolloop.com/
Lake Balboa College Preparatory Magnet K-12,Lake Balboa,91406,https://valleyaltmag-lausd-ca.schoolloop.com/
Anderson (Alex) Elementary,San Jose,95123,https://anderson.ogsd.net/
Point Arena High,Point Arena,95468,http://pointarenaschools.org/pahs/
Barfield Elementary,Pomona,91767,https://barfield.pusd.org/
Mable Barron,Stockton,95219,https://mb.lusd.net/
Sixty-Sixth Street Elementary,Los Angeles,90003,https://66street-lausd-ca.schoolloop.com/
Community High (Continuation),Pacific Grove,93950,https://pgchs.pgusd.org/
Del Rey Woods Elementary,Seaside,93955,https://delreywoods.mpusd.net/
Napa Valley Independent Studies,Napa,94558,https://nva-nvusd-ca.schoolloop.com/
Evelyn Hanshaw Middle,Modesto,95358,https://hanshaw.mcs4kids.com/
Kingsley Elementary,Montclair,91763,https://www.omsd.net/kingsley
Marquez Charter,Pacific Palisades,90272,https://www.marquezcharter.org/
Vista Heights Middle,Moreno Valley,92557,https://vistaheights.mvusd.net/
MacArthur Park Elem Sch for the Visual and Perf Arts,Los Angeles,90057,https://www.macarthurparkes.org/
Lakeview Middle,Watsonville,95076,https://lkv-pajaro-ca.schoolloop.com/
Magnolia Elementary,Riverside,92506,http://magnolia.riversideunified.org/
Juana Briones Elementary,Palo Alto,94306,https://briones.pausd.org/
Rising Sun,Vernalis,95385,http://risingsun.patterson.k12.ca.us/
Horace Ensign Intermediate,Newport Beach,92663,https://ensign.nmusd.us/
Woodside Elementary,Concord,94518,https://woes-mdusd-ca.schoolloop.com/
Northgate High,Walnut Creek,94598,https://northgatehighschool.org/
Broadacres Avenue Elementary,Carson,90746,https://broadacresavees-lausd-ca.schoolloop.com/
Main Avenue Elementary,Sacramento,95838,https://main.robla.k12.ca.us/
Winter Gardens Elementary,Los Angeles,90022,https://wge-montebellousd-ca.schoolloop.com/
Fred T. Korematsu Middle,El Cerrito,94530,https://www.wccusd.net/korematsu
West County Mandarin,Richmond,94805,https://wcmspta.org/
Rio Vista Elementary,North Hollywood,91602,https://riovistaes-lausd-ca.schoolloop.com/
Arroyo Seco Elementary,Livermore,94550,https://www.livermoreschools.org/seco
Garden Road Elementary,Poway,92064,https://www.powayusd.com/en-US/Schools/ES/GRES/Home
Franklin Classical Middle,Long Beach,90802,https://lbfranklin.schoolloop.com/
Mira Vista Elementary,Richmond,94805,https://www.miravistaschool.com/
Independence Continuation,Lake Balboa,91406,https://ichs-lausd-ca.schoolloop.com/
Red Bluff High,Red Bluff,96080,http://rbhs.rbhsd.org/
Florence Griffith Joyner Elementary,Los Angeles,90002,https://joyner-lausd-ca.schoolloop.com/
Granada Elementary,Granada Hills,91344,https://granadaes-lausd-ca.schoolloop.com/
Andasol Avenue Elementary,Northridge,91325,https://www.andasolelementary.org/
Huntington Park Senior High,Huntington Park,90255,https://huntingtonparkhs-lausd-ca.schoolloop.com/
Stone Ranch Elementary,San Diego,92127,https://www.powayusd.com/en-US/Schools/ES/SRES/Home
Northridge Academy High,Northridge,91325,https://www.northridgeacademyhs.org/
Laurel Elementary,Atherton,94027,https://district.mpcsd.org/Laurel
Alta Sierra Elementary,Grass Valley,95949,https://altasierra.prsd.us/
Ocean Alternative Education Center,Santa Cruz,95062,https://oc-losd-ca.schoolloop.com/
Ravenswood Middle,East Palo Alto,94303,http://ravenswoodms.ravenswoodschools.org/
Educational Partnership High,Long Beach,90813,https://ephs-lbusd-ca.schoolloop.com/
Martha Escutia Primary Center,Bell,90201,https://marthaescutiapc-lausd-ca.schoolloop.com/
Coyote Valley Elementary,Hidden Valley Lake,95467,https://cves.middletownusd.org/home/100-word-list
Los Gatos High,Los Gatos,95030,http://lghs.net/
Wild Rose School of Creative,Monrovia,91016,https://wildrose.monroviaschools.net/
Pacoima Middle,Pacoima,91331,https://www.pacoima-ms.net/
Erwin Elementary,Van Nuys,91401,https://erwines-lausd-ca.schoolloop.com/
Rosedale-North Elementary,Bakersfield,93312,https://www.ruesd.net/rosedalenorth
New Jerusalem,Tracy,95304,http://www.newjfalcons.com/
Monroe Elementary,Fresno,93725,http://www.monroe.k12.ca.us/
Pleasant Grove Middle,Rescue,95672,http://www.pleasantgrovepumas.org/
Madison Park Academy TK-5,Oakland,94603,https://www.ousd.org/mpaprimary
John R. Wooden High,Reseda,91335,http://www.jrwhs.com/
Frank J. Zamboni,Paramount,90723,https://zamboni.pusdschools.net/
Ranch Hills Elementary,Pomona,91766,https://ranchhills.pusd.org/
Franklin Avenue Elementary,Los Angeles,90027,https://www.franklinavenueschool.org/
Newcastle Charter,Newcastle,95658,https://nec.newcastledistrict.org/
Aptos High,Aptos,95003,https://www.aptoshs.net/
Riverside Meadows Intermediate,Plumas Lake,95961,http://rsm.plusd.org/
Middleton Primary Center,Huntington Park,90255,https://middletonpc-lausd-ca.schoolloop.com/
Foothill Elementary,Monterey,93940,https://foothill.mpusd.net/
Roscomare Road Elementary,Los Angeles,90077,https://www.roscomareroadschool.net/
Signal Hill Elementary,Signal Hill,90755,https://signalhill-lbusd-ca.schoolloop.com/
Hollydale,South Gate,90280,https://hollydale.pusdschools.net/
Park Village Elementary,San Diego,92129,https://www.powayusd.com/en-US/Schools/ES/PVES/Home
Garfield Elementary,Long Beach,90810,https://garfield-lbusd-ca.schoolloop.com/
Creekside Elementary,Moreno Valley,92553,https://creekside.mvusd.net/
New River Elementary,Norwalk,90650,https://www.newriverelementary.org/
Garey High,Pomona,91766,https://garey.pusd.org/
Harbor City Elementary,Harbor City,90710,https://harborcity-lausd-ca.schoolloop.com/
Clement Middle,Redlands,92374,https://www.redlandsusd.net/clement
Nichols Elementary,Oceanside,92057,https://nichols-ousd-ca.schoolloop.com/
Linscott Charter,Watsonville,95076,https://www.linscott.pvusd.net/
Judkins Middle,Pismo Beach,93449,https://judkins.luciamarschools.org/
Carver Elementary,Long Beach,90808,https://carver-lbusd-ca.schoolloop.com/
Ethan A Chase Middle,Menifee,92585,https://www.romoland.net/Domain/8
Morse Elementary,Placentia,92870,https://www.morseschool.net/
E. Los Angeles Renaiss Acad at Esteban E. Torres High #2,Los Angeles,90063,https://renaissance-lausd-ca.schoolloop.com/
Grover Heights Elementary,Grover Beach,93433,https://groverheights.luciamarschools.org/
Foothill Elementary,Pittsburg,94565,https://www.pittsburg.k12.ca.us/foothill
Ardis G. Egan Junior High,Los Altos,94022,https://www.eganschool.org/
Sunland Elementary,Sunland,91040,http://sunlandes-lausd-ca.schoolloop.com/
City Terrace Elementary,Los Angeles,90063,http://cityterraceelementary.weebly.com/
Grand View Boulevard Elementary,Los Angeles,90066,https://www.grandviewelementary.org/
Middletown High,Middletown,95461,https://mhs.middletownusd.org/
Southshore Elementary,Menifee,92584,https://www.menifeeusd.org/sse/
Anna McKenney Intermediate,Marysville,95901,http://mckenney.mjusd.com/
Pope Valley Elementary,Pope Valley,94567,http://www.pvk8.org/
Village Elementary Charter,Santa Rosa,95405,https://www.rvusd.org/o/village
UCLA Community K-12,Los Angeles,90005,https://uclacs.org/
Highland Elementary,Seaside,93955,https://highland.mpusd.net/
Granada High,Livermore,94550,https://www.livermoreschools.org/granadahigh
E. A. Hall Middle,Watsonville,95076,https://eah-pajaro-ca.schoolloop.com/
Bear River High,Grass Valley,95949,https://bearriver.njuhsd.com/
Lu Sutton Elementary,Novato,94947,https://lusutton.nusd.org/
Princeton Elementary,Princeton,95970,https://www.pjusd.org/es-welcome
Madera High,Madera,93637,https://www.madera.k12.ca.us/Domain/47
Studebaker Elementary,Norwalk,90650,https://studebaker.llcsd.net/
Washington Elementary,Pomona,91766,https://washington.pusd.org/
Griffith Middle,Los Angeles,90022,https://griffithms-lausd-ca.schoolloop.com/
Sven Lokrantz Special Education Center,Reseda,91335,https://lokrantzsec-lausd-ca.schoolloop.com/
Palmyra Elementary,Orange,92866,https://www.orangeusd.org/palmyra-elementary-school
Valley View High,Moreno Valley,92555,https://valleyview.mvusd.net/
Lone Pine High,Lone Pine,93545,https://lphs-lpusd-ca.schoolloop.com/
South Lindhurst Continuation High,Olivehurst,95961,http://southlindhurst.mjusd.com/
Cesar E. Chavez Elementary,Oxnard,93030,https://www.oxnardsd.org/Domain/76
Caroldale Learning Community,Carson,90745,https://caroldalelc-lausd-ca.schoolloop.com/
David Starr Jordan Senior High,Los Angeles,90002,https://jhs-lausd-ca.schoolloop.com/
Henderson,Lodi,95242,https://henderson.lodiusd.net/
Santa Rita Elementary,Los Altos,94022,https://www.santaritaschool.org/
Ronald E. McNair High,Stockton,95210,https://mcnair.lodiusd.net/
Henry M. Gunn High,Palo Alto,94306,https://gunn.pausd.org/
John F. Kennedy Elementary,Newark,94560,https://kennedy.newarkunified.org/
Kenilworth Junior High,Petaluma,94954,https://www.petalumacityschools.org/Kenilworth
Rancho del Mar High (Continuation),Rolling Hills,90274,https://rdm.pvpusd.net/
South Park Elementary,Los Angeles,90003,https://southpark-lausd-ca.schoolloop.com/
Wilcox Elementary,Montebello,90640,https://wie-montebellousd-ca.schoolloop.com/
Manzanita Elementary,Gridley,95948,http://www.manzanitaelementaryschool.com/
Western Avenue Technology Magnet,Los Angeles,90062,https://waes-lausd-ca.schoolloop.com/
Lincoln Elementary,Stockton,95207,https://le.lusd.net/
Estancia High,Costa Mesa,92627,https://estancia.nmusd.us/
Raisin City Elementary,Raisin City,93652,http://www.raisincity.k12.ca.us/
West Athens Elementary,Los Angeles,90044,https://westathenses-lausd-ca.schoolloop.com/
Cobb Mountain Elementary,Cobb,95426,https://cobb.middletownusd.org/
Paradise Senior High,Paradise,95969,http://phs.pusdk12.org/
Pine Hollow Middle,Concord,94521,https://pihms-mdusd-ca.schoolloop.com/
Flory Academy of Sciences and Technology,Moorpark,93021,https://fls-moorpark-ca.schoolloop.com/
Gateway to College at Laney College,Oakland,94607,https://laney.edu/gateway/
Olivehurst Elementary,Olivehurst,95961,http://olivehurst.mjusd.com/
Bear Valley Elementary,Moreno Valley,92553,https://bearvalley.mvusd.net/
Gompers K-8,Lakewood,90713,https://lbgompers.schoolloop.com/
Enadia Way Technology Charter,West Hills,91307,https://www.enadiaway.org/
University Pathways Medical Magnet Academy,Los Angeles,90061,https://www.upmedicalmagnet.org/
Oak Park Neighborhood Learning,Oak Park,91377,https://www.oakparkusd.org/Domain/622
Olga L. Reed Elementary,Los Alamos,93440,http://olgareed.orcuttschools.net/
Oakland Technical High,Oakland,94611,https://oaklandtech.com/staff/blog/home/home-page-02/
Patterson High,Patterson,95363,http://pattersonhigh.patterson.k12.ca.us/
New School Community Day,Watsonville,95076,https://new-pajaro-ca.schoolloop.com/
Amanecer Primary Center,Los Angeles,90023,https://amanecerpc-lausd-ca.schoolloop.com/
Laurel Elementary,Oceanside,92058,https://laurel-ousd-ca.schoolloop.com/
Montecito High (Continuation),Ramona,92065,https://mhs.ramonausd.net/
John C. Fremont Senior High,Los Angeles,90003,https://www.fremonths.org/
Hillcrest Elementary,Oakland,94618,http://hillcrestpta.org/
Cortez Elementary,Pomona,91768,https://cortez.pusd.org/
Gardner Bullis Elementary,Los Altos Hills,94022,https://www.gardnerbullis.org/
Math Science & Technology Magnet Academy at Roosevelt High,Los Angeles,90033,https://www.mstmaatroosevelt.org/
Jefferson Elementary,Pasadena,91106,https://www.pusd.us/jefferson
Delevan Drive Elementary,Los Angeles,90065,https://www.delevandriveelementary.org/
Sotomayor Arts and Sciences Magnet,Los Angeles,90065,https://www.sotomayor.la/
Glenn Hammond Curtiss Middle,Carson,90746,https://curtiss-lausd-ca.schoolloop.com/
McPherson Elementary,Napa,94558,https://mces-nvusd-ca.schoolloop.com/
Beckford Charter for Enriched Studies,Northridge,91326,https://beckford-lausd-ca.schoolloop.com/
Twentynine Palms Junior High,Twentynine Palms,92277,http://www.morongousd.com/twentyninepalmsjuniorhighschool_home.aspx
Julia Morgan Elementary,Stockton,95209,https://juliamorgan.lodiusd.net/
Libby Elementary,Oceanside,92057,https://libby-ousd-ca.schoolloop.com/
Sci Tech Engr Arts and Math at Legacy High Sch Complex,South Gate,90280,https://legacyhs-lausd-ca.schoolloop.com/
Almondale Elementary,Bakersfield,93312,https://www.ruesd.net/almondale
Coeur D'Alene Avenue Elementary,Venice,90291,https://cdavenice.org/
Highland Park Continuation,Los Angeles,90042,https://highlandparkhs-lausd-ca.schoolloop.com/
Loyola Village Fine And Performing Arts Magnet,Los Angeles,90045,https://www.loyolavillageartsmagnet.org/
Mary McLeod Bethune Middle,Los Angeles,90003,https://www.bethunems.org/
J. H. McGaugh Elementary,Seal Beach,90740,https://mcgaugh.losal.org/
Quincy Junior/Senior High,Quincy,95971,https://qhs.pcoe.k12.ca.us/
Live Oak High,Morgan Hill,95037,https://liveoak.mhusd.org/
Berlyn Elementary,Ontario,91764,https://www.omsd.net/Berlyn
Lawrence Elementary,Livermore,94551,https://www.livermoreschools.org/lawrence
Belmont Senior High,Los Angeles,90026,https://www.belmonthighschool.org/
Rancho Vista Elementary,Rolling Hills Estates,90274,https://ranchovista.pvpusd.net/
Oasis Elementary,Twentynine Palms,92277,http://www.morongousd.com/oasiselementaryschool_home.aspx
Petaluma High,Petaluma,94952,https://www.petalumacityschools.org/petalumahigh
University Heights Middle,Riverside,92507,http://uni.riversideunified.org/
Eastin Arcola,Madera,93637,https://www.madera.k12.ca.us/eastin-arcola
Del Rio Elementary,Bakersfield,93314,https://www.ruesd.net/delrio
Robert Randall Elementary,Milpitas,95035,https://randall.musd.org/
Jackson Elementary,El Dorado Hills,95762,http://www.myjacksonelementary.com/
Chester Junior/Senior High,Chester,96020,https://chs.pcoe.k12.ca.us/
Back Bay High,Costa Mesa,92627,https://backbay.nmusd.us/
Bryant Elementary,Riverside,92501,http://bryant.riversideunified.org/
Gledhill Street Elementary,North Hills,91343,https://gledhillesmagnet-lausd-ca.schoolloop.com/
Jackson Academy of Music and Math (JAMM),Morgan Hill,95037,https://jackson.mhusd.org/
Las Posas Elementary,Camarillo,93010,https://www.pleasantvalleysd.org/lasposas
Armstrong Elementary,Diamond Bar,91765,https://armstrong.pusd.org/
Taylor Street Elementary,Sacramento,95838,https://taylor.robla.k12.ca.us/
Kamala Elementary,Oxnard,93033,https://www.oxnardsd.org/KamalaElementary
